4.5,9.1,14,18,23,27,32,36,41,45
1,1,1,1,1,1,1,1,1,1
6.143397364,4.411877631,6.128184215,7.627031257,6.34463941,9.952136904,7.199850837,9.992650492,7.970252895,9.923747653,9.112111846,9.922695591,9.815736637,9.975357212,10.67908231,9.974691345,11.70510613,9.988805921,12.89348645,9.973203096
6.15864828,4.388319476,6.15864828,7.575020192,6.34463941,10.00554409,7.217724387,9.92452703,8.009874141,9.806380586,9.157409434,9.86969188,9.864532042,9.869110571,10.73216953,9.894895413,11.73416392,9.920708668,12.95758178,9.866979399
6.189263785,4.364878545,6.189263785,7.494339327,6.376179503,9.898975927,7.253604708,9.871513535,8.009874141,9.870738322,9.202932202,9.764570671,9.864532042,9.9220722,10.78552065,9.815737836,11.7924961,9.86771557,12.95758178,9.919929591
6.189263785,4.341579876,6.189263785,7.534556975,6.407876387,9.793542816,7.271611701,9.833410793,8.04969235,9.765605967,9.202932202,9.816971296,9.924500406,9.816384527,10.83913698,9.763305457,11.85111825,9.76261541,13.02199574,9.814273304
6.204628563,4.318397091,6.220031484,7.434385814,6.407876387,9.846098918,7.289663395,9.766372924,8.089708501,9.661593368,9.24868127,9.712411609,9.980983057,9.774400185,10.89301986,9.659317361,11.85111825,9.815005543,13.0867299,9.761848748
6.235472643,4.318380134,6.250952134,7.37491192,6.43973084,9.689232664,7.307759903,9.728676011,8.089708501,9.713441376,9.294657763,9.608965579,9.987584432,9.726269624,10.89301986,9.711153155,11.92316345,9.71045832,13.15178588,9.657876167
6.250952134,4.295321229,6.282026495,7.29636239,6.43973084,9.741228995,7.325901336,9.662352156,8.129923578,9.609984377,9.294657763,9.660531165,10.0123785,9.659962175,10.94717059,9.607720528,11.96923827,9.607041477,13.15178588,9.709704227
6.250952134,4.27239384,6.282026495,7.335517614,6.471743646,9.611720356,7.36231942,9.610739112,8.150106023,9.572891103,9.340862812,9.557637708,10.04276596,9.604377714,11.00159051,9.556399307,11.96923827,9.658596737,13.21716525,9.606287032
6.282026495,4.249572145,6.313255331,7.237992661,6.503915592,9.534828134,7.380596296,9.573642925,8.17033857,9.507629289,9.387297553,9.45584016,10.08713062,9.557056015,11.02890184,9.519512864,12.02873903,9.54436558,13.28286964,9.529438276
6.313255331,4.226872357,6.34463941,7.18008988,6.53624747,9.433273529,7.398918544,9.508375986,8.21095447,9.456842723,9.387297553,9.506584013,10.11217181,9.506024091,11.05628096,9.45461495,12.08853558,9.504680412,13.34890065,9.453204298
6.313255331,4.204310331,6.376179503,7.122650312,6.53624747,9.483896281,7.417286276,9.471674907,8.231338073,9.420340555,9.433963127,9.405330234,10.16244083,9.455246099,11.11124329,9.378979546,12.14862939,9.403446908,13.4152599,9.402708451
6.34463941,4.181852316,6.407876387,7.065670252,6.568740074,9.332800573,7.435699607,9.40710312,8.251772278,9.356118734,9.480860682,9.355090114,10.18766898,9.418750094,11.16647884,9.303949213,12.14862939,9.453909597,13.48194905,9.302561041
6.376179503,4.159514263,6.43973084,7.009146023,6.568740074,9.382884146,7.472663513,9.356853531,8.292792996,9.256467547,9.504396813,9.318980699,10.21295975,9.354539115,11.22198897,9.254250638,12.20902193,9.353216849,13.48194905,9.352482337
6.392008297,4.137303656,6.471743646,6.934492233,6.601394203,9.282947883,7.491214317,9.320737309,8.292792996,9.306141486,9.527991372,9.255449883,10.26372981,9.304570305,11.27777505,9.155684438,12.2697147,9.253596569,13.54896971,9.252869881
6.407876387,4.115211647,6.471743646,6.971705516,6.634210661,9.184076032,7.509811173,9.257194518,8.334017635,9.207022602,9.575356355,9.206010374,10.2892094,9.268655889,11.27777505,9.204817535,12.2697147,9.303255101,13.61632354,9.203444153
6.43973084,4.093229567,6.503915592,6.879017407,6.634210661,9.233361489,7.528454195,9.221462966,8.375447207,9.108959424,9.622956796,9.107957978,10.34035851,9.205450082,11.33383846,9.106777843,12.33070917,9.20416696,13.68401219,9.154282442
6.4557174,4.071372901,6.53624747,6.82398637,6.667190254,9.110604897,7.547143499,9.158596963,8.375447207,9.157841775,9.622956796,9.156834955,10.36602833,9.156295632,11.39018056,9.033925081,12.39200686,9.155001388,13.7179826,9.118948117
6.471743646,4.049632944,6.568740074,6.769395574,6.700333792,9.037721518,7.565879198,9.123245985,8.417082731,9.036089209,9.670793865,9.059306322,10.41755932,9.058772743,11.44680275,8.961655129,12.45360926,9.057492284,13.75203734,9.056780995
6.503915592,4.028001163,6.601394203,6.715241494,6.733642093,8.941461552,7.603490246,9.061031773,8.458925231,8.963801945,9.718868739,8.962816457,10.41755932,9.107385772,11.50370641,8.913784973,12.45360926,9.106098441,13.82040065,9.008402709
6.52006149,4.006492798,6.634210661,6.661520639,6.733642093,8.989445041,7.622365826,9.012648476,8.500975736,8.868329289,9.718868739,9.010914546,10.46934647,9.010383818,11.53226423,8.879378937,12.5155179,9.009110198,13.8891038,8.960282844
6.53624747,3.985099281,6.667190254,6.590569376,6.767115973,8.846226841,7.641288264,8.97786084,8.500975736,8.915920321,9.767182601,8.914940098,10.52139106,8.96225337,11.56089295,8.818845043,12.5777343,8.960986553,13.95814849,8.864847669
6.568740074,3.963812218,6.667190254,6.62593703,6.767115973,8.893699263,7.660257677,8.91665556,8.54323528,8.820957648,9.815736637,8.867319478,10.54751029,8.927660252,11.61836377,8.771737731,12.64025998,8.865543884,13.95814849,8.912420018
6.568740074,3.942654344,6.700333792,6.537845878,6.800756257,8.775458445,7.679274181,8.882238444,8.585704902,8.727006414,9.840104093,8.833092793,10.57369437,8.866797208,11.67612029,8.678310734,12.64025998,8.913119969,14.0275364,8.817494627
6.601394203,3.921594007,6.733642093,6.485544159,6.834563771,8.705256184,7.717448931,8.821667736,8.585704902,8.773839051,9.864532042,8.772874449,10.62625769,8.819433751,11.67612029,8.724882051,12.70309649,8.818187122,14.09726926,8.770394528
6.634210661,3.900646167,6.767115973,6.433660846,6.868539347,8.612537276,7.736607412,8.774562573,8.628385647,8.680389673,9.913570016,8.70269286,10.65263725,8.785391898,11.73416392,8.631954109,12.76624537,8.724265397,14.16734876,8.676981837
6.667190254,3.879810224,6.800756257,6.382192591,6.868539347,8.658755626,7.755813453,8.740693917,8.671278563,8.587935616,9.962851764,8.633072712,10.67908231,8.725498748,11.7924961,8.585845106,12.76624537,8.771083324,14.16734876,8.723546022
6.667190254,3.859100732,6.834563771,6.314216426,6.902683821,8.543638359,7.794368691,8.681088445,8.671278563,8.634021943,10.0123785,8.586957733,10.73216953,8.678890061,11.85111825,8.494398034,12.82970816,8.677663297,14.23777664,8.630632311
6.700333792,3.838486711,6.834563771,6.348101059,6.936998031,8.475290622,7.813718124,8.634733935,8.714384707,8.542061745,10.06215144,8.495498812,10.78552065,8.586451976,11.85111825,8.539982401,12.89348645,8.631310131,14.30855463,8.584530368
6.716967296,3.817990298,6.868539347,6.280488,6.971482822,8.385021057,7.833115592,8.601405,8.757705137,8.451081006,10.06215144,8.541089086,10.78552065,8.632530341,11.91003183,8.449023809,12.95758178,8.585204567,14.37968446,8.538674686
6.750358284,3.797595875,6.902683821,6.213595082,6.971482822,8.430018462,7.852561214,8.542766154,8.757705137,8.496432916,10.11217181,8.450118707,10.83913698,8.540586029,11.96923827,8.35903401,12.98974883,8.552066808,14.41538187,8.505716526
6.767115973,3.777317808,6.902683821,6.24693974,7.006139042,8.295712944,7.891597398,8.497133562,8.801240919,8.405938166,10.16244083,8.404981007,10.89301986,8.494965084,11.96923827,8.403891958,13.02199574,8.493764318,14.45116789,8.447730023
6.800756257,3.757140643,6.936998031,6.163887317,7.006139042,8.340231087,7.911188201,8.464335746,8.844993123,8.316407268,10.18766898,8.372538887,10.92006166,8.462175637,12.02873903,8.314382854,13.0867299,8.448393478,14.52300668,8.402605083
6.834563771,3.737071258,6.971482822,6.114577207,7.040967543,8.251400028,7.930827637,8.40663135,8.844993123,8.361036464,10.21295975,8.315460303,10.94717059,8.404485967,12.08853558,8.225827103,13.15178588,8.403264994,14.59520258,8.357721185
6.851530499,3.717116375,7.006139042,6.04945139,7.075969182,8.185390151,7.950515828,8.37418286,8.888962826,8.249877343,10.26372981,8.271041903,11.00159051,8.359592022,12.08853558,8.269970209,13.18443504,8.370829498,14.66775738,8.313077042
6.868539347,3.697268045,7.006139042,6.081915187,7.111144818,8.119908343,7.970252895,8.317093068,8.933151108,8.183879647,10.31475225,8.226860772,11.05628096,8.270554753,12.14862939,8.181887494,13.21716525,8.313762567,14.70416993,8.280989659
6.902683821,3.677518479,7.040967543,6.01713725,7.146495317,8.033423922,8.009874141,8.272665947,8.977559057,8.140164107,10.34035851,8.195106173,11.05628096,8.314937886,12.20902193,8.116433705,13.28286964,8.269353237,14.74067287,8.224535199
6.919819656,3.657881591,7.075969182,5.984995721,7.146495317,8.076534516,8.029758564,8.240734546,9.022187763,8.053463944,10.36602833,8.139237211,11.11124329,8.226376223,12.2697147,8.073078439,13.34890065,8.203199737,14.81395082,8.18060249
6.954219051,3.638342414,7.093535196,5.953037569,7.182021549,7.969157819,8.04969235,8.184554519,9.022187763,8.096682081,10.41755932,8.095760136,11.16647884,8.138757823,12.33070917,8.008495106,13.4152599,8.137575454,14.88759305,8.136904456
6.971482822,3.618914714,7.111144818,5.921250065,7.217724387,7.905405834,8.089708501,8.140835374,9.067038325,8.010445041,10.46934647,8.009532916,11.16647884,8.182433681,12.39200686,7.965716411,13.48194905,8.094107255,14.96160136,8.071810525
7.006139042,3.599583686,7.146495317,5.889620733,7.253604708,7.842163855,8.109791112,8.109412821,9.112111846,7.925126505,10.46934647,8.052515301,11.22198897,8.095283309,12.45360926,7.880874276,13.54896971,8.05087125,15.03597759,8.007237335
7.023531704,3.580362947,7.164236412,5.858171856,7.289663395,7.758637666,8.129923578,8.054128062,9.112111846,7.967655931,10.52139106,7.966748678,11.27777505,8.052041021,12.45360926,7.923166226,13.58260487,8.019795947,15.11072354,7.964465359
7.040967543,3.561244841,7.182021549,5.826890907,7.289663395,7.800273646,8.17033857,8.011105611,9.1801426,7.861711328,10.57369437,7.881895547,11.305772,8.020961203,12.5155179,7.838777289,13.65012591,7.965106499,15.18584107,7.921921857
7.075969182,3.542221865,7.217724387,5.795765611,7.325901336,7.696569809,8.190621344,7.980183798,9.225778378,7.777976941,10.57369437,7.924192979,11.33383846,7.966279449,12.5777343,7.75528717,13.68401219,7.922575126,15.26133202,7.879605607
7.111144818,3.523300504,7.235642307,5.764817893,7.36231942,7.655457315,8.21095447,7.925780039,9.225778378,7.819716704,10.62625769,7.839793105,11.39018056,7.923726257,12.5777343,7.79690517,13.75203734,7.880255388,15.2992181,7.849191368
7.128798156,3.504487095,7.253604708,5.734035428,7.398918544,7.573919721,8.231338073,7.895187572,9.271641018,7.736429598,10.67908231,7.79791556,11.44680275,7.839331354,12.64025998,7.713861028,13.82040065,7.838161707,15.33719824,7.79568063
7.146495317,3.485774145,7.289663395,5.672962727,7.398918544,7.61456443,8.27225721,7.841347867,9.294657763,7.695119294,10.73216953,7.714860656,11.44680275,7.881400369,12.70309649,7.672656169,13.85470964,7.807907435,15.41344161,7.754038719
7.182021549,3.467154308,7.289663395,5.703406134,7.435699607,7.493250577,8.292792996,7.79947733,9.317731647,7.654029575,10.73216953,7.756261711,11.50370641,7.797456276,12.76624537,7.631671414,13.8891038,7.754678145,15.49006399,7.712619245
7.217724387,3.448633933,7.325901336,5.642659663,7.435699607,7.533462382,8.334017635,7.716405791,9.3640514,7.613144317,10.78552065,7.673650458,11.56089295,7.75580488,12.79793743,7.602214167,13.95814849,7.713255255,15.56706727,7.67142102
7.235642307,3.430219222,7.36231942,5.582560198,7.472663513,7.433305774,8.334017635,7.757815138,9.387297553,7.572492321,10.83913698,7.632660392,11.58959274,7.725868494,12.82970816,7.550387161,14.0275364,7.672053633,15.64445335,7.610050882
7.253604708,3.41190284,7.36231942,5.612518468,7.509811173,7.373840519,8.375447207,7.67518734,9.410601414,7.532057395,10.86604502,7.603199328,11.61836377,7.673198493,12.89348645,7.510055526,14.09726926,7.631072096,15.72222413,7.549171695
7.289663395,3.3936776,7.398918544,5.552740034,7.547143499,7.295302401,8.396239161,7.645562128,9.457382835,7.491823671,10.89301986,7.551365606,11.67612029,7.63221084,12.95758178,7.469939328,14.13226557,7.601617162,15.80038151,7.508846552
7.325901336,3.375549712,7.435699607,5.493598294,7.547143499,7.334451937,8.437978045,7.593424695,9.504396813,7.412028924,10.94717059,7.511028744,11.73416392,7.59144213,13.02199574,7.39037767,14.16734876,7.549794227,15.87892742,7.468736813
7.344087804,3.35752525,7.435699607,5.523079159,7.584661409,7.256333343,8.458925231,7.552877996,9.504396813,7.451804862,11.00159051,7.431029446,11.76329385,7.562140163,13.02199574,7.430037418,14.23777664,7.509465758,15.9578638,7.428841326
7.36231942,3.339597033,7.472663513,5.464253335,7.622365826,7.179046783,8.479924418,7.523724882,9.551644504,7.372436352,11.00159051,7.470907347,11.7924961,7.510586356,13.0867299,7.350900752,14.30855463,7.469352711,16.03719258,7.389158947
7.398918544,3.321758026,7.491214317,5.435075797,7.622365826,7.217572444,8.522079313,7.472418295,9.59912707,7.33305527,11.05628096,7.391335379,11.85111825,7.470467323,13.15178588,7.302943814,14.37968446,7.409599087,16.07700474,7.360637767
7.435699607,3.304014309,7.509811173,5.406054059,7.660257677,7.140698723,8.54323528,7.432517735,9.622956796,7.293898869,11.11124329,7.332205881,11.88053852,7.441632303,13.21716525,7.2531428,14.45116789,7.350323483,16.11691572,7.310457674
7.454158648,3.286371825,7.547143499,5.377176732,7.698337893,7.083574278,8.585704902,7.392815718,9.646845679,7.254951552,11.16647884,7.27354941,11.91003183,7.390900041,13.28286964,7.195118821,14.52300668,7.31106052,16.19703517,7.271407661
7.472663513,3.268823547,7.565879198,5.348464158,7.736607412,7.026906819,8.607018819,7.364280423,9.694801503,7.216198034,11.22198897,7.234696548,11.96923827,7.351420332,13.34890065,7.15668491,14.59520258,7.272007287,16.27755291,7.23256624
7.509811173,3.251362588,7.584661409,5.319904902,7.775067173,6.952063861,8.628385647,7.314075497,9.718868739,7.177665617,11.27777505,7.15764044,12.02873903,7.312151511,13.4152599,7.118456299,14.66775738,7.233162663,16.35847091,7.193932298
7.547143499,3.2339949,7.622365826,5.291487754,7.775067173,6.98937144,8.671278563,7.275006159,9.742995723,7.139338951,11.27777505,7.196051226,12.05860024,7.283927569,13.48194905,7.042638255,14.70416993,7.205243608,16.43979116,7.136381993
7.584661409,3.216719984,7.660257677,5.23512859,7.813718124,6.896448465,8.692804915,7.246925593,9.791429522,7.101202998,11.33383846,7.119406726,12.08853558,7.234270437,13.48194905,7.080431894,14.74067287,7.156122892,16.52151567,7.079292081
7.584661409,3.199549908,7.660257677,5.263222402,7.852561214,6.85960995,8.714384707,7.197520716,9.815736637,7.063284621,11.39018056,7.081377243,12.14862939,7.195627391,13.54896971,7.005018844,14.81395082,7.117897284,16.60364645,7.041476877
7.622365826,3.182458986,7.698337893,5.207164289,7.891597398,6.804734171,8.757705137,7.159073975,9.840104093,7.025568717,11.41845656,7.054044059,12.20902193,7.157190763,13.61632354,6.967600383,14.88759305,7.079875865,16.68618551,7.00386367
7.660257677,3.165459357,7.736607412,5.151703246,7.930827637,6.750297388,8.779446042,7.131440892,9.889020632,6.988040486,11.44680275,7.005954125,12.23933069,7.129564949,13.68401219,6.893389092,14.96160136,7.023237993,16.76913488,6.966451379
7.698337893,3.148550535,7.736607412,5.179349364,7.970252895,6.696296092,8.801240919,7.082823316,9.913570016,6.950726364,11.50370641,6.968530668,12.2697147,7.080960162,13.68401219,6.930381799,15.03597759,6.967053215,16.8524966,6.910720885
7.736607412,3.123362636,7.775067173,5.124184575,8.009874141,6.642726797,8.844993123,7.04498925,9.962851764,6.913597915,11.56089295,6.894309469,12.33070917,7.043136048,13.75203734,6.85656692,15.11072354,6.929837554,16.93627273,6.855436226
7.775067173,3.098376235,7.813718124,5.069607342,8.04969235,6.589586047,8.86695072,7.017796519,9.987584432,6.876681295,11.56089295,6.931307115,12.39200686,6.968120233,13.82040065,6.819941439,15.18584107,6.892820686,17.02046532,6.818816786
7.813718124,3.081825749,7.813718124,5.0968129,8.089708501,6.554386689,8.888962826,6.969953697,10.03723412,6.839948371,11.61836377,6.85748238,12.39200686,7.005513977,13.8891038,6.7835116,15.26133202,6.85600155,17.10507644,6.782392954
7.852561214,3.065363669,7.852561214,5.0425272,8.129923578,6.4845765,8.933151108,6.932722542,10.06215144,6.803425018,11.67612029,6.820852009,12.45360926,6.930898872,13.95814849,6.711261022,15.33719824,6.819379089,17.19010818,6.746163685
7.852561214,3.049001497,7.891597398,5.015591711,8.129923578,6.519375354,8.955327556,6.905963146,10.08713062,6.76709669,11.73416392,6.766286287,12.5155179,6.893876335,13.95814849,6.747276356,15.41344161,6.74674649,17.27556262,6.710127942
7.891597398,3.032714754,7.911188201,4.988809897,8.17033857,6.449938068,8.977559057,6.858882732,10.13727516,6.730949129,11.76329385,6.730156269,12.5777343,6.820450272,14.0275364,6.675411717,15.41344161,6.782952254,17.36144187,6.674284689
7.930827637,3.016515009,7.930827637,4.96217109,8.21095447,6.398339597,9.022187763,6.822244881,10.18766898,6.65925839,11.82177084,6.694206032,12.5777343,6.85705156,14.09726926,6.639753907,15.49006399,6.710707634,17.44774803,6.603197478
7.970252895,3.000401798,7.970252895,4.935664837,8.251772278,6.347153906,9.044585244,6.795911914,10.18766898,6.694994657,11.85111825,6.658460901,12.64025998,6.784017715,14.16734876,6.604286569,15.56706727,6.674861284,17.44774803,6.638632899
8.009874141,2.976399065,8.009874141,4.88309551,8.292792996,6.313249539,9.067038325,6.749581759,10.23831331,6.623686865,11.91003183,6.622893637,12.70309649,6.747779768,14.23777664,6.533944901,15.64445335,6.639206414,17.53448324,6.567925412
8.04969235,2.952588349,8.009874141,4.909300171,8.313379762,6.279538607,9.112111846,6.713527757,10.2892094,6.588305352,11.93959835,6.587529294,12.76624537,6.711735392,14.23777664,6.569008685,15.72222413,6.603742001,17.62164962,6.532841757
8.089708501,2.936816613,8.04969235,4.857011652,8.334017635,6.246007681,9.134732562,6.687614424,10.34035851,6.518133898,11.99895177,6.552340922,12.79793743,6.685828977,14.30855463,6.499042759,15.80038151,6.550913124,17.70924931,6.497945508
8.129923578,2.921129123,8.089708501,4.831067125,8.375447207,6.212643603,9.1801426,6.64200953,10.34035851,6.553112834,12.05860024,6.482552523,12.86155777,6.640236259,14.37968446,6.464327052,15.87892742,6.498506869,17.79728448,6.463235663
8.17033857,2.897760559,8.129923578,4.77961186,8.396239161,6.179469877,9.202932202,6.606543114,10.39176188,6.483316213,12.05860024,6.517340515,12.89348645,6.604779312,14.45116789,6.429796786,15.9578638,6.463794025,17.88575728,6.428711226
8.21095447,2.874578939,8.129923578,4.805261185,8.417082731,6.14647329,9.24868127,6.571253177,10.44342079,6.448684513,12.11854524,6.447924901,12.95758178,6.569498796,14.52300668,6.361313593,16.03719258,6.429266606,17.93015847,6.403897247
8.251772278,2.859223902,8.17033857,4.754080776,8.458925231,6.113640891,9.271641018,6.545889005,10.46934647,6.414250397,12.17878823,6.413482249,12.98974883,6.544141396,14.52300668,6.395450968,16.11691572,6.39492362,18.0192918,6.360227108
8.292792996,2.843950887,8.190621344,4.728695355,8.500975736,6.048525046,9.294657763,6.501263345,10.4953365,6.380000149,12.20902193,6.379236103,13.02199574,6.49952765,14.59520258,6.327333589,16.19703517,6.360764083,18.10886823,6.326252908
8.334017635,2.821199736,8.231338073,4.703436251,8.500975736,6.080983872,9.340862812,6.466535777,10.54751029,6.345920328,12.2697147,6.345160364,13.0867299,6.464809353,14.66775738,6.293535096,16.27755291,6.293016151,18.1538233,6.292472541
8.375447207,2.798630591,8.251772278,4.678321257,8.54323528,6.016215855,9.3640514,6.4415758,10.57369437,6.312034943,12.30017412,6.311279037,13.15178588,6.43027651,14.74067287,6.259917142,16.27755291,6.326787015,18.2440685,6.258860264
8.417082731,2.783681245,8.292792996,4.653331234,8.585704902,5.952137675,9.387297553,6.39766128,10.59994345,6.278330496,12.36132002,6.277566301,13.21716525,6.378835329,14.81395082,6.226478765,16.35847091,6.25940097,18.33476233,6.225427532
8.458925231,2.761412241,8.313379762,4.628483787,8.585704902,5.984079247,9.433963127,6.36348712,10.65263725,6.24479376,12.42276987,6.244033647,13.28286964,6.327805669,14.85072629,6.202445377,16.43979116,6.22596535,18.42590701,6.192173386
8.500975736,2.739321386,8.334017635,4.603769018,8.628385647,5.920343353,9.457382835,6.338924897,10.70559301,6.178281018,12.45360926,6.210692308,13.34890065,6.294004654,14.88759305,6.160161094,16.52151567,6.192708331,18.56347428,6.109837081
8.54323528,2.72468885,8.375447207,4.579177228,8.671278563,5.888718864,9.504396813,6.295697825,10.70559301,6.211436167,12.48452521,6.177529001,13.4152599,6.260384192,14.96160136,6.12725558,16.60364645,6.15962896,18.56347428,6.142624932
8.585704902,2.702891776,8.417082731,4.530404819,8.692804915,5.857274803,9.527991372,6.262080613,10.75881202,6.145278714,12.54658754,6.144530714,13.48194905,6.193705398,15.07330423,6.078226584,16.68618551,6.094023301,18.65575591,6.077200381
8.628385647,2.688453835,8.417082731,4.554716799,8.714384707,5.825998644,9.575356355,6.228630679,10.81229558,6.112452696,12.60895838,6.111708692,13.48194905,6.22694332,15.11072354,6.045770606,16.68618551,6.126726289,18.7484963,6.044738015
8.671278563,2.666946635,8.458925231,4.506204917,8.757705137,5.794878114,9.59912707,6.204588985,10.86604502,6.047349507,12.67163929,6.046613427,13.54896971,6.160620701,15.18584107,6.013476128,16.76913488,6.061471073,18.8416977,6.012449052
8.714384707,2.652700701,8.500975736,4.482134281,8.801240919,5.733157383,9.646845679,6.16227799,10.86604502,6.079802024,12.67163929,6.079061994,13.61632354,6.127712732,15.22353975,5.981365899,16.8524966,6.029092728,18.93536243,5.980332566
8.757705137,2.638530864,8.522079313,4.458200976,8.801240919,5.763923819,9.670793865,6.129373202,10.92006166,6.015046594,12.73463179,6.014314446,13.68401219,6.094980546,15.2992181,5.949415449,16.93627273,5.996887337,19.02949277,5.948387635
8.801240919,2.61742304,8.54323528,4.434395469,8.844993123,5.702532779,9.694801503,6.105714629,10.97434682,5.982916233,12.79793743,5.982187996,13.7179826,6.071454724,15.37527267,5.917635667,17.02046532,5.964853976,19.12409105,5.916613344
8.844993123,2.596484075,8.585704902,4.410708415,8.86695072,5.672082898,9.742995723,6.064077888,11.00159051,5.950969185,12.86155777,5.950233154,13.75203734,6.030063451,15.45170531,5.886025642,17.10507644,5.932991727,19.1715664,5.885020334
8.888962826,2.582614528,8.628385647,4.363730353,8.888962826,5.641795611,9.767182601,6.031697461,11.05628096,5.919181104,12.92549438,5.918449004,13.82040065,5.997852875,15.5285179,5.823334107,17.19010818,5.885528744,19.26687094,5.85358453
8.933151108,2.561954026,8.628385647,4.38714789,8.933151108,5.611659031,9.815736637,5.999478156,11.08372806,5.887574383,12.98974883,5.855412131,13.8891038,5.965814357,15.5285179,5.854584467,17.23278243,5.854101718,19.31470074,5.822328076
8.977559057,2.548268927,8.671278563,4.340420769,8.977559057,5.581683431,9.840104093,5.97632096,11.13882682,5.856124936,12.98974883,5.886834635,13.95814849,5.933946977,15.60571235,5.79222781,17.31844901,5.82283107,19.41071683,5.791227152
9.022187763,2.527883184,8.714384707,4.294191334,8.999845747,5.551878851,9.864532042,5.935578249,11.1941995,5.824843481,13.05432269,5.824134484,14.0275364,5.870745037,15.68329053,5.761287672,17.40454145,5.791727459,19.50721023,5.760292359
9.067038325,2.51438008,8.714384707,4.317235697,9.022187763,5.522233418,9.913570016,5.903872381,11.22198897,5.793740496,13.11921757,5.793023911,14.0275364,5.902249823,15.76125437,5.730512806,17.49106187,5.760789994,19.60418331,5.72952281
9.112111846,2.500949105,8.757705137,4.271253205,9.067038325,5.492735499,9.962851764,5.872335875,11.24984743,5.762803592,13.18443504,5.762079521,14.09726926,5.839385486,15.83960578,5.699902328,17.5780124,5.730017786,19.70163845,5.698917621
9.157409434,2.480941913,8.801240919,4.248437603,9.089547147,5.463405875,9.987584432,5.849669432,11.305772,5.732020628,13.21716525,5.731311677,14.16734876,5.808193448,15.87892742,5.669466493,17.62164962,5.699421143,19.79957807,5.668475914
9.202932202,2.467689554,8.823089901,4.225752171,9.134732562,5.434222194,10.0123785,5.809790148,11.33383846,5.70141329,13.28286964,5.700696932,14.23777664,5.777168026,15.91834668,5.639193176,17.70924931,5.668976747,19.8487303,5.638207887
9.24868127,2.447948433,8.86695072,4.20317962,9.157409434,5.405205014,10.06215144,5.778756198,11.36197458,5.670969387,13.31584421,5.670256854,14.30855463,5.746308333,15.99747902,5.609070498,17.75321233,5.638706046,19.94740112,5.608090472
9.294657763,2.434872314,8.888962826,4.180735852,9.202932202,5.376332222,10.11217181,5.747888021,11.41845656,5.640676971,13.38203914,5.639968244,14.34407545,5.724128339,16.07700474,5.579108725,17.84146604,5.608585969,19.99692032,5.578144885
9.340862812,2.421866043,8.933151108,4.158403764,9.225778378,5.347624158,10.13727516,5.72570193,11.47521931,5.610546366,13.44856314,5.609841426,14.37968446,5.685104915,16.15692578,5.549306998,17.93015847,5.578626784,20.09632782,5.548348307
9.340862812,2.408938706,8.977559057,4.114112976,9.24868127,5.319069386,10.16244083,5.686667778,11.50370641,5.580587666,13.51541783,5.550091504,14.45116789,5.654736991,16.23724413,5.519664461,18.0192918,5.548827631,20.19622949,5.518710891
9.387297553,2.396070963,8.977559057,4.136190966,9.294657763,5.290656702,10.21295975,5.656291506,11.53226423,5.550788937,13.51541783,5.579875534,14.52300668,5.624531283,16.31796175,5.490180265,18.10886823,5.519187655,20.29662778,5.489231789
9.433963127,2.383271956,9.022187763,4.092136764,9.317731647,5.26240612,10.23831331,5.634458966,11.58959274,5.521138484,13.58260487,5.520444777,14.59520258,5.594486923,16.35847091,5.460864285,18.19888996,5.460403279,20.39752517,5.459910154
9.480860682,2.370541316,9.067038325,4.070277942,9.340862812,5.234306389,10.26372981,5.596046849,11.64720623,5.491646414,13.65012591,5.490956413,14.66775738,5.564603051,16.39908063,5.431704844,18.19888996,5.489706006,20.4481618,5.430755807
9.527991372,2.35787868,9.089547147,4.048543832,9.387297553,5.20634648,10.31475225,5.566154644,11.70510613,5.462311881,13.7179826,5.461625566,14.70416993,5.543124416,16.48060276,5.402690499,18.2893592,5.431235637,20.54981248,5.401746532
9.575356355,2.345283683,9.112111846,4.026925775,9.433963127,5.150894147,10.34035851,5.54467002,11.73416392,5.433144711,13.75203734,5.43246206,14.74067287,5.505334959,16.56253015,5.373831138,18.38027817,5.402223798,20.60082716,5.372902762
9.622956796,2.326521789,9.157409434,4.005415288,9.433963127,5.178535923,10.39176188,5.506859215,11.76329385,5.404133284,13.82040065,5.40344367,14.81395082,5.475927307,16.64486482,5.345125935,18.47164911,5.37336693,20.70323676,5.344202518
9.670793865,2.31409429,9.202932202,3.984019703,9.480860682,5.123379798,10.41755932,5.477454174,11.82177084,5.375266217,13.85470964,5.374590838,14.88759305,5.44667674,16.68618551,5.316584503,18.56347428,5.344664207,20.80615546,5.315655581
9.718868739,2.295581907,9.225778378,3.962746186,9.504396813,5.096022427,10.46934647,5.448195451,11.88053852,5.346553348,13.92358335,5.345881577,14.96160136,5.388664671,16.76913488,5.288185092,18.65575591,5.316114803,20.90958578,5.287261132
9.767182601,2.283319679,9.271641018,3.941578525,9.527991372,5.068811136,10.52139106,5.390167207,11.91003183,5.318004294,13.99279943,5.31732567,14.96160136,5.41758242,16.8524966,5.259937381,18.70206862,5.287728283,21.01353027,5.259018356
9.815736637,2.265053487,9.294657763,3.920531632,9.575356355,5.041735248,10.52139106,5.419093019,11.93959835,5.289607684,14.0275364,5.288932684,15.03597759,5.359880232,16.89433274,5.231850832,18.79503923,5.259483012,21.11799148,5.230926444
9.864532042,2.252954331,9.340862812,3.899589468,9.622956796,4.988036175,10.57369437,5.361374742,11.99895177,5.261352374,14.09726926,5.26068098,15.11072354,5.33124955,16.97831684,5.20390404,18.8416977,5.231398889,21.17041666,5.202994805
9.913570016,2.234931058,9.387297553,3.858055288,9.622956796,5.014803989,10.62625769,5.332736076,12.05860024,5.233247995,14.16734876,5.232580187,15.18584107,5.302771803,17.06271843,5.17610653,18.93536243,5.203454511,21.27565777,5.175202152
9.962851764,2.222992806,9.387297553,3.878759169,9.670793865,4.961391759,10.65263725,5.312152417,12.11854524,5.177509137,14.20251905,5.204639717,15.26133202,5.274446175,17.1475396,5.148457505,19.02949277,5.175659402,21.38142205,5.147557958
10.0123785,2.211118324,9.433963127,3.83744685,9.718868739,4.934889668,10.67908231,5.275937579,12.11854524,5.20529374,14.27312176,5.176838277,15.2992181,5.254087507,17.20432117,5.116396965,19.12409105,5.148012766,21.43450119,5.120071483
10.06215144,2.199307272,9.480860682,3.816948496,9.742995723,4.90853878,10.73216953,5.247755291,12.17878823,5.14985262,14.34407545,5.121700234,15.37527267,5.218258273,17.23278243,5.093621743,19.2191596,5.120513808,21.54105511,5.092721778
10.11217181,2.181713166,9.504396813,3.796567092,9.767182601,4.882328598,10.78552065,5.219723542,12.23933069,5.122343834,14.34407545,5.149185344,15.45170531,5.176513044,17.31844901,5.066413324,19.26687094,5.093171741,21.64813872,5.065518167
10.16244083,2.170059186,9.551644504,3.776287104,9.815736637,4.856248836,10.81229558,5.199576097,12.30017412,5.067786207,14.41538187,5.094341829,15.5285179,5.148861847,17.40454145,5.039350244,19.36264927,5.065965726,21.75575466,5.038459868
10.21295975,2.152699061,9.59912707,3.756115445,9.864532042,4.804525362,10.86604502,5.164118593,12.30017412,5.094981992,14.48704275,5.067129564,15.60571235,5.121358354,17.49106187,5.012431725,19.41071683,5.038914929,21.86390557,5.011546105
10.26372981,2.141200064,9.622956796,3.736058871,9.864532042,4.830308384,10.92006166,5.122806472,12.36132002,5.040715793,14.55905988,5.040062658,15.68329053,5.094001776,17.5780124,4.985656996,19.50721023,5.011998736,21.97259411,4.984776107
10.31475225,2.129762492,9.670793865,3.716102098,9.913570016,4.7788612,10.97434682,5.095442158,12.42276987,5.01378998,14.63143501,5.013140334,15.72222413,5.066801275,17.66539517,4.959025289,19.60418331,4.98522632,22.08182296,4.958149105
10.36602833,2.112724733,9.718868739,3.696251927,9.938180343,4.753343458,11.01068676,5.063711756,12.48452521,4.987007995,14.66775738,4.98637161,15.83960578,5.012825384,17.70924931,4.932545523,19.70163845,4.958596913,22.1915948,4.931664336
10.41755932,2.101439266,9.742995723,3.676515007,9.962851764,4.727961975,11.02890184,5.041171058,12.54658754,4.960369071,14.74067287,4.959736085,15.83960578,5.039726227,17.79728448,4.90619752,19.75054755,4.932119435,22.24668519,4.90533067
10.46934647,2.090214083,9.767182601,3.656883477,10.0123785,4.702706788,11.08372806,5.014242813,12.5777343,4.933882131,14.77726642,4.933252524,15.91834668,4.986048552,17.84146604,4.879999839,19.89800455,4.905764076,22.35727659,4.879128039
10.52139106,2.073492705,9.815736637,3.637349632,10.03723412,4.677595689,11.13882682,4.98745841,12.60895838,4.907536622,14.85072629,4.906900744,15.99747902,4.959414754,17.93015847,4.853932517,19.94740112,4.87956871,22.41277828,4.853074902
10.57369437,2.062416803,9.864532042,3.617920131,10.06215144,4.652618677,11.1941995,4.947559542,12.67163929,4.881322208,14.92455133,4.880689726,16.07700474,4.932923223,18.0192918,4.828004438,19.99692032,4.853513219,22.52419534,4.827151403
10.62625769,2.045917799,9.913570016,3.598594415,10.11217181,4.627765948,11.24984743,4.907979859,12.73463179,4.855247822,14.96160136,4.85462825,16.15692578,4.906573202,18.10886823,4.802214858,20.09632782,4.82758738,22.63616628,4.80136638
10.67908231,2.034989192,9.938180343,3.579378958,10.16244083,4.603045975,11.305772,4.881763077,12.79793743,4.829312717,14.99874337,4.828705935,16.21042708,4.876018927,18.1538233,4.776572415,20.19622949,4.801800027,22.74869384,4.775719091
10.73216953,2.024118963,9.962851764,3.560266106,10.18766898,4.578467036,11.36197458,4.855686336,12.86155777,4.777876137,15.07330423,4.802912607,16.23724413,4.854313728,18.2440685,4.751057567,20.29662778,4.776150422,22.86178079,4.750208802
10.78552065,2.013306798,10.0123785,3.541248359,10.21295975,4.554019342,11.3995981,4.825448945,12.86155777,4.803516148,15.14823574,4.777257059,16.31796175,4.828383613,18.2893592,4.725688289,20.34701393,4.750647156,22.97542992,4.72483478
10.83913698,1.997200667,10.06215144,3.522332198,10.26372981,4.529693299,11.41845656,4.803968854,12.92549438,4.752354326,15.22353975,4.751738554,16.39908063,4.802592007,18.38027817,4.700445248,20.4481618,4.725270792,23.089644,4.699596297
10.89301986,1.986532291,10.08713062,3.50352396,10.31475225,4.505497196,11.47521931,4.778307663,12.98974883,4.726968843,15.26133202,4.72636564,16.48060276,4.776938171,18.47164911,4.675337046,20.49892413,4.700039209,23.20442587,4.67449263
10.94717059,1.970640351,10.11217181,3.484816152,10.34035851,4.48143914,11.53226423,4.752783547,13.05432269,4.701718961,15.33719824,4.70111898,16.56253015,4.75142137,18.56347428,4.650362963,20.60082716,4.674933176,23.31977833,4.649523058
11.00159051,1.960113851,10.16244083,3.466201433,10.36602833,4.457509547,11.58959274,4.71476204,13.0867299,4.676613137,15.37527267,4.67601636,16.64486482,4.726040871,18.65575591,4.625522284,20.70323676,4.649961251,23.43570422,4.624686866
11.05628096,1.944433255,10.21295975,3.447686147,10.41755932,4.41003301,11.64720623,4.6770447,13.15178588,4.651632238,15.45170531,4.651038649,16.72760878,4.675704231,18.70206862,4.600823329,20.80615546,4.625122718,23.55220639,4.59998334
11.11124329,1.934046744,10.26372981,3.429269764,10.41755932,4.433699026,11.70510613,4.652061496,13.18443504,4.626793863,15.5285179,4.626194361,16.72760878,4.700795946,18.8416977,4.551811433,20.90958578,4.600416863,23.61067448,4.575420755
11.16647884,1.923715715,10.31475225,3.410951756,10.46934647,4.386476093,11.76329385,4.602512803,13.24997672,4.602079082,15.56706727,4.601491817,16.81076407,4.650728187,18.8416977,4.576238289,21.01353027,4.57584298,23.72804646,4.550980392
11.22198897,1.913439871,10.34035851,3.392738256,10.52139106,4.363045009,11.76329385,4.627211744,13.31584421,4.57749632,15.64445335,4.576912191,16.89433274,4.625885557,18.93536243,4.527497183,21.11799148,4.527106084,23.78695107,4.526679469
11.27777505,1.898132659,10.36602833,3.374622012,10.54751029,4.339747607,11.82177084,4.577927724,13.34890065,4.553053809,15.68329053,4.552472799,16.97831684,4.601175628,19.02949277,4.503312812,21.11799148,4.551400361,23.90519935,4.502499465
11.33383846,1.887993471,10.41755932,3.356595913,10.57369437,4.316574605,11.88053852,4.55347397,13.4152599,4.528732923,15.76125437,4.528155017,17.06271843,4.576597691,19.12409105,4.479257625,21.22297198,4.502923802,24.02403545,4.478448623
11.39018056,1.872889826,10.46934647,3.338666104,10.62625769,4.293516912,11.93959835,4.529150839,13.44856314,4.504550794,15.83960578,4.503967132,17.11921913,4.548098244,19.2191596,4.455330933,21.32847435,4.478870693,24.1434623,4.454526253
11.44680275,1.862885477,10.4953365,3.320838589,10.67908231,4.270582385,11.99895177,4.480911257,13.51541783,4.480488995,15.91834668,4.47990845,17.1475396,4.527852757,19.31470074,4.43153205,21.43450119,4.454946068,24.26348284,4.430731668
11.50370641,1.852934568,10.52139106,3.303106269,10.70559301,4.247778706,11.99895177,4.504957634,13.58260487,4.456555726,15.99747902,4.455978282,17.23278243,4.503666486,19.41071683,4.407860292,21.54105511,4.431149241,24.32371667,4.407072838
11.56089295,1.838111388,10.57369437,3.285462183,10.73216953,4.225096792,12.05860024,4.456975732,13.65012591,4.4327503,16.03719258,4.432184642,17.31844901,4.479609411,19.50721023,4.384314981,21.64813872,4.407479528,24.44463328,4.383531733
11.61836377,1.828292814,10.62625769,3.267912346,10.78552065,4.202527742,12.11854524,4.433168063,13.68401219,4.409080691,16.07700474,4.408518054,17.40454145,4.45568084,19.55563666,4.360904003,21.75575466,4.38393625,24.56615098,4.360116377
11.67612029,1.813666764,10.67908231,3.250456255,10.83913698,4.180079249,12.17878823,4.409487566,13.7179826,4.385537471,16.15692578,4.384969229,17.49106187,4.431880087,19.60418331,4.337618033,21.86390557,4.360518734,24.62713618,4.336834613
11.73416392,1.803978765,10.70559301,3.233099755,10.86604502,4.157758831,12.2191165,4.382028749,13.78617662,4.362111401,16.23724413,4.361546195,17.5780124,4.40820647,19.70163845,4.314447932,21.91818247,4.337234821,24.74956113,4.313668697
11.7924961,1.794342515,10.73216953,3.215835935,10.89301986,4.135557597,12.23933069,4.362522507,13.85470964,4.338810465,16.31796175,4.338248278,17.62164962,4.384667919,19.79957807,4.291401599,21.97259411,4.314075237,24.87259468,4.290626526
11.85111825,1.784757739,10.78552065,3.198658018,10.94717059,4.113466836,12.30017412,4.339219375,13.92358335,4.315633995,16.39908063,4.315074811,17.70924931,4.361246493,19.89800455,4.268478371,22.08182296,4.291030894,24.99623984,4.267707438
11.91003183,1.770479964,10.83913698,3.181571859,11.00159051,4.091494076,12.36132002,4.31604072,13.95814849,4.292589754,16.48060276,4.292025128,17.75321233,4.337958694,19.99692032,4.245677591,22.1915948,4.268109646,25.12049965,4.244910777
11.96923827,1.756316408,10.89301986,3.16457697,11.05628096,4.069638687,12.42276987,4.292985879,13.99279943,4.269668562,16.52151567,4.269106952,17.84146604,4.314786774,20.09632782,4.222998606,22.30191234,4.245310836,25.18286101,4.222244177
12.02873903,1.746934755,10.92006166,3.147679041,11.11124329,4.026293327,12.46390606,4.266252542,14.0623596,4.246861425,16.56253015,4.246311151,17.93015847,4.291738631,20.19622949,4.200440764,22.41277828,4.22263381,25.30804855,4.199690365
12.08853558,1.737603215,10.97434682,3.130865195,11.11124329,4.047900042,12.48452521,4.247261668,14.13226557,4.224176116,16.64486482,4.223628781,18.0192918,4.268813602,20.29662778,4.178003418,22.52419534,4.200077917,25.3708755,4.177265229
12.14862939,1.728321522,11.02890184,3.114141164,11.16647884,4.004786219,12.54658754,4.224574221,14.20251905,4.201611984,16.72760878,4.201067573,18.10886823,4.246011032,20.34701393,4.155694084,22.63616628,4.177642509,25.49699768,4.154951679
12.20902193,1.719089408,11.05628096,3.097512548,11.22198897,3.983393994,12.60895838,4.202007963,14.23777664,4.179176587,16.81076407,4.178626879,18.19888996,4.200787147,20.39752517,4.133503876,22.74869384,4.155326944,25.62374684,4.132757321
12.2697147,1.705336968,11.11124329,3.080966675,11.27777505,3.94096722,12.67163929,4.179562246,14.27312176,4.156860989,16.89433274,4.156306056,18.19888996,4.223330265,20.49892413,4.111424085,22.86178079,4.133130581,25.75112608,4.110681518
12.33070917,1.69622763,11.16647884,3.064509184,11.27777505,3.96211604,12.71359957,4.153535223,14.34407545,4.134656432,16.93627273,4.13411258,18.2893592,4.178347951,20.60082716,4.089462236,22.91853491,4.111060856,25.81505297,4.088731663
12.39200686,1.682658081,11.1941995,3.048145589,11.36197458,3.919908199,12.73463179,4.135046101,14.41538187,4.112570484,17.02046532,4.112029537,18.38027817,4.156028618,20.70323676,4.067617701,22.97542992,4.089108976,25.87913855,4.066899015
12.45360926,1.673669886,11.22198897,3.03186937,11.39018056,3.898977019,12.79793743,4.112958071,14.48704275,4.090602512,17.10507644,4.090064455,18.47164911,4.133828507,20.80615546,4.045889851,23.14696379,4.067258342,26.00778738,4.045175005
12.5155179,1.664729703,11.27777505,3.015674141,11.44680275,3.878149992,12.86155777,4.090988029,14.55905988,4.068751885,17.19010818,4.068216703,18.56347428,4.111746982,20.90958578,4.024278065,23.26203059,4.045532412,26.13707574,4.023567037
12.5777343,1.655837275,11.33383846,2.999565421,11.50370641,3.857434215,12.92549438,4.069135343,14.59520258,4.047025923,17.23278243,4.046493598,18.65575591,4.089783408,21.01353027,4.002781721,23.31977833,4.023930435,26.26700681,4.002074491
12.64025998,1.642590843,11.39018056,2.983542749,11.56089295,3.836829096,12.98974883,4.036582913,14.63143501,4.025415972,17.31844901,4.024878587,18.7484963,4.04622349,21.11799148,3.981400204,23.43570422,4.002435949,26.33221437,3.980704567
12.70309649,1.629450379,11.44680275,2.951765301,11.58959274,3.816341534,13.05432269,4.004290897,14.70416993,4.00391355,17.40454145,4.003379035,18.7484963,4.067937157,21.22297198,3.9601329,23.55220639,3.981056278,26.52880989,3.938298705
12.76624537,1.620746402,11.44680275,2.967605664,11.61836377,3.795963371,13.11921757,3.982901318,14.77726642,3.982525987,17.49106187,3.981994327,18.8416977,4.024609921,21.27565777,3.938986932,23.66928772,3.959790811,26.52880989,3.959433205
12.82970816,1.612088918,11.53226423,2.935992196,11.67612029,3.775686608,13.18443504,3.961625995,14.85072629,3.961252669,17.5780124,3.960723849,18.93536243,4.003111805,21.38142205,3.917946185,23.78695107,3.938638937,26.66068833,3.917261634
12.89348645,1.60347768,11.56089295,2.920314844,11.73416392,3.755518156,13.24997672,3.940464318,14.92455133,3.919061719,17.66539517,3.939566991,19.02949277,3.981728524,21.43450119,3.897025482,23.90519935,3.917600049,26.79322235,3.896336937
12.95758178,1.59491244,11.61836377,2.904715502,11.7924961,3.715518467,13.31584421,3.898494784,14.92455133,3.940092986,17.70924931,3.918530839,19.12409105,3.960459466,21.54105511,3.876208879,24.02403545,3.896673543,26.92641522,3.875524012
13.02199574,1.586392953,11.67612029,2.889199486,11.7924961,3.735457438,13.31584421,3.919415679,14.99874337,3.898127406,17.75321233,3.897607014,19.2191596,3.93930402,21.64813872,3.855503471,24.1434623,3.87585882,27.06027022,3.854822263
13.0867299,1.577918974,11.70510613,2.873771994,11.85111825,3.695671414,13.38203914,3.877670332,15.07330423,3.877304917,17.84146604,3.876787305,19.31470074,3.91826158,21.75575466,3.834908665,24.26348284,3.855155283,27.19479062,3.834231095
13.15178588,1.565295875,11.73416392,2.85842688,11.91003183,3.675930377,13.44856314,3.856957118,15.14823574,3.856593655,17.93015847,3.856078807,19.41071683,3.89733154,21.86390557,3.814423869,24.32371667,3.834569865,27.32997974,3.813749919
13.21716525,1.55693459,11.7924961,2.843158122,11.96923827,3.65629479,13.51541783,3.836354547,15.22353975,3.835993025,18.0192918,3.835480928,19.50721023,3.876513303,21.97259411,3.794048496,24.44463328,3.814086879,27.46584091,3.793378146
13.28286964,1.544479362,11.85111825,2.827970925,12.02873903,3.636764089,13.58260487,3.815862028,15.2992181,3.815502437,18.10886823,3.814993075,19.5718055,3.85237343,22.08182296,3.773781962,24.56615098,3.793713306,27.60237746,3.773115192
13.34890065,1.536229272,11.91003183,2.812864853,12.05860024,3.617344817,13.62758168,3.792099843,15.37527267,3.774863861,18.19888996,3.794614662,19.60418331,3.835224905,22.1915948,3.753623684,24.74956113,3.773441154,27.73959275,3.752960477
13.4152599,1.52802325,11.93959835,2.797844966,12.11854524,3.598022175,13.65012591,3.775219621,15.37527267,3.795121303,18.2893592,3.774345103,19.70163845,3.81473842,22.30191234,3.733573086,24.81100164,3.753292066,27.87749016,3.732913421
13.48194905,1.519861063,11.99895177,2.782899816,12.14862939,3.578809774,13.7179826,3.755053664,15.45170531,3.754699804,18.38027817,3.754183818,19.79957807,3.794361367,22.41277828,3.713629591,24.87259468,3.733250568,28.01607308,3.712973449
13.54896971,1.511742475,12.05860024,2.768034499,12.20902193,3.559692972,13.78617662,3.734995427,15.5285179,3.734643457,18.47164911,3.724150949,19.89800455,3.774093161,22.52419534,3.683921149,24.99623984,3.713308796,28.15534492,3.69313999
13.61632354,1.503667253,12.08853558,2.753253993,12.2697147,3.540678286,13.85470964,3.715044334,15.60571235,3.714694245,18.56347428,3.694358339,19.99692032,3.753933221,22.63616628,3.654450371,25.12049965,3.693473546,28.29530909,3.673412475
13.68401219,1.491638157,12.14862939,2.738547033,12.33070917,3.521765171,13.92358335,3.695199814,15.68329053,3.694851594,18.65575591,3.674624316,20.09632782,3.733880969,22.74869384,3.634929523,25.24537718,3.673744249,28.43596904,3.653790338
13.75203734,1.47970529,12.20902193,2.723918634,12.36132002,3.50295996,13.99279943,3.65584257,15.76125437,3.675114936,18.7484963,3.654995705,20.19622949,3.71393583,22.86178079,3.615512949,25.3708755,3.65412034,28.57732824,3.634273016
13.82040065,1.471801201,12.2697147,2.709368374,12.42276987,3.484248323,13.99279943,3.675461296,15.80038151,3.655490882,18.8416977,3.635471944,20.26310635,3.690808361,22.97542992,3.596200091,25.49699768,3.634601254,28.71939015,3.614859948
13.8891038,1.463939333,12.30017412,2.694901128,12.45360926,3.465643441,14.0623596,3.636314285,15.83960578,3.635971614,18.93536243,3.616052472,20.29662778,3.67437903,23.089644,3.576990397,25.62374684,3.615186434,28.86215827,3.595550579
13.95814849,1.45611946,12.36132002,2.68050587,12.5155179,3.447131137,14.13226557,3.616890314,15.91834668,3.616549474,19.02949277,3.596736733,20.39752517,3.65475173,23.20442587,3.557883314,25.75112608,3.59587532,29.00563611,3.576344354
14.0275364,1.448341358,12.39200686,2.666192742,12.54658754,3.42872445,14.20251905,3.597570099,15.99747902,3.597231079,19.12409105,3.577524172,20.49892413,3.635229272,23.31977833,3.538878294,25.87913855,3.576667361,29.1498272,3.557240722
14.09726926,1.440604804,12.45360926,2.651950834,12.60895838,3.410409354,14.27312176,3.578353086,16.07700474,3.578015878,19.1715664,3.558421224,20.60082716,3.615811097,23.43570422,3.519974794,26.00778738,3.557562003,29.29473509,3.538239135
14.16734876,1.432909577,12.5155179,2.637785003,12.67163929,3.392192091,14.34407545,3.549726835,16.15692578,3.558903317,19.2191596,3.539420281,20.70323676,3.596496647,23.55220639,3.501172269,26.13707574,3.5385587,29.44036333,3.519339049
14.23777664,1.425255455,12.5777343,2.62369484,12.70309649,3.374078763,14.41538187,3.52132959,16.23724413,3.539892849,19.31470074,3.520513885,20.80615546,3.577285368,23.61067448,3.482477018,26.26700681,3.519656907,29.58671551,3.50053992
14.30855463,1.417642218,12.60895838,2.609685066,12.76624537,3.356055566,14.48704275,3.502519828,16.27755291,3.520990842,19.41071683,3.50170848,20.90958578,3.558176709,23.72804646,3.463874794,26.35398617,3.497739255,29.73379522,3.48184121
14.37968446,1.410069649,12.67163929,2.595745003,12.82970816,3.338128643,14.55905988,3.483810542,16.35847091,3.50218289,19.50721023,3.483003528,21.01353027,3.539170123,23.84600191,3.445371937,26.39758379,3.482169355,29.88160609,3.481827538
14.45116789,1.40253753,12.73463179,2.581879404,12.89348645,3.32029748,14.63143501,3.465201195,16.39908063,3.483482243,19.60418331,3.464398492,21.11799148,3.520265063,23.96454374,3.426967916,26.52880989,3.463568774,30.03015175,3.463228783
14.52300668,1.395045645,12.76624537,2.568092913,12.92549438,3.302568049,14.70416993,3.446691252,16.48060276,3.464874649,19.70163845,3.445892837,21.22297198,3.482771034,24.02403545,3.408668895,26.66068833,3.445067551,30.17943586,3.444729377
14.59520258,1.387593779,12.82970816,2.554375022,12.95758178,3.284933287,14.77726642,3.419118275,16.56253015,3.446366451,19.79957807,3.427486034,21.22297198,3.501460988,24.1434623,3.390460929,26.79322235,3.426665156,30.32946207,3.426328788
14.66775738,1.380181718,12.89348645,2.540730407,13.02199574,3.267386275,14.85072629,3.391765877,16.64486482,3.427957117,19.8487303,3.409184246,21.32847435,3.464167239,24.26348284,3.372350224,26.92641522,3.40836106,30.48023408,3.408026489
14.74067287,1.37280925,12.95758178,2.527158678,13.0867299,3.249932994,14.92455133,3.373648202,16.72760878,3.40964612,19.99692032,3.39096687,21.43450119,3.44566282,24.38410002,3.354336261,27.06027022,3.390154739,30.55590092,3.38982861
14.81395082,1.361826997,12.98974883,2.513664379,13.11921757,3.232579289,14.99874337,3.355627304,16.81076407,3.391432935,20.04656245,3.372860084,21.54105511,3.427257245,24.50531681,3.336418521,27.19479062,3.372045669,30.7077986,3.371721282
14.88759305,1.354552574,13.05432269,2.500237227,13.18443504,3.215311934,15.07330423,3.337702669,16.8524966,3.37332366,20.09632782,3.354849984,21.64813872,3.408949986,24.62713618,3.318596493,27.32997974,3.354033332,30.9370621,3.353704094
14.96160136,1.347317008,13.11921757,2.486881798,13.21716525,3.198143096,15.14823574,3.311001583,16.93627273,3.355304497,20.22406798,3.345867526,21.75575466,3.390740519,24.74956113,3.300869664,27.46584091,3.336117211,31.09085458,3.335789731
15.03597759,1.340120093,13.15178588,2.473602566,13.28286964,3.181059688,15.22353975,3.284514101,16.97831684,3.337388138,20.29662778,3.336916398,21.86390557,3.37262832,24.87259468,3.283237525,27.60237746,3.318296792,31.24541159,3.317971062
15.11072354,1.329399347,13.21716525,2.460389411,13.34890065,3.164067534,15.2992181,3.266969328,17.06271843,3.31956093,20.34701393,3.319098226,21.97259411,3.354612871,24.99623984,3.265699571,27.73959275,3.300571564,31.40073691,3.300247573
15.18584107,1.322298141,13.28286964,2.447246836,13.4152599,3.147166147,15.37527267,3.249518274,17.1475396,3.301828949,20.39752517,3.301375198,22.08182296,3.336693654,25.12049965,3.2482553,27.87749016,3.282941018,31.55683439,3.282618758
15.26133202,1.315234868,13.34890065,2.434174465,13.44856314,3.130361187,15.45170531,3.232160437,17.23278243,3.284191687,20.49892413,3.283740359,22.1915948,3.318870156,25.24537718,3.213658422,28.01607308,3.265404648,31.71370784,3.265084109
15.33719824,1.308209325,13.4152599,2.421171921,13.51541783,3.113639847,15.5285179,3.214895321,17.31844901,3.266648636,20.60082716,3.26619972,22.30191234,3.301141865,25.24537718,3.23090421,28.08562267,3.247968329,31.87136114,3.230307989
15.41344161,1.301221309,13.44856314,2.408243561,13.58260487,3.097007828,15.60571235,3.197722428,17.40454145,3.249199295,20.70323676,3.248752777,22.41277828,3.283508272,25.3708755,3.196492137,28.15534492,3.230625114,31.87136114,3.247643125
15.49006399,1.294270622,13.51541783,2.395379532,13.61632354,3.080470699,15.68329053,3.163663771,17.49106187,3.231843162,20.80615546,3.231399029,22.52419534,3.265968873,25.49699768,3.179417548,28.29530909,3.213368198,32.02979815,3.213052768
15.56706727,1.283916664,13.54896971,2.382588896,13.68401219,3.064015858,15.68329053,3.180641268,17.5780124,3.21457974,20.90958578,3.214137979,22.63616628,3.248523162,25.62374684,3.162434166,28.43596904,3.196203463,32.26893166,3.195883443
15.64445335,1.277058412,13.61632354,2.369861905,13.75203734,3.047648913,15.76125437,3.146764541,17.62164962,3.197414811,21.01353027,3.196969132,22.74869384,3.213923432,25.75112608,3.145541503,28.57732824,3.179130417,32.42934505,3.178812106
15.72222413,1.270236794,13.68401219,2.357202898,13.82040065,3.031369394,15.83960578,3.12995558,17.70924931,3.180335294,21.11799148,3.179891996,22.74869384,3.231170641,25.87913855,3.128739076,28.71939015,3.162148568,32.59055588,3.161831958
15.80038151,1.260075104,13.75203734,2.34461151,13.8891038,3.015176836,15.91834668,3.113236407,17.75321233,3.16335322,21.22297198,3.162906079,22.86178079,3.196755731,26.00778738,3.112026401,28.86215827,3.145257431,32.67146157,3.144948686
15.87892742,1.253344205,13.82040065,2.332087382,13.95814849,2.999070773,15.99747902,3.096606543,17.84146604,3.146455648,21.32847435,3.129218248,22.97542992,3.179679734,26.13707574,3.095403,29.00563611,3.128456521,32.83387599,3.128149426
15.9578638,1.246649261,13.8891038,2.319630154,13.99279943,2.983056599,16.07700474,3.080065509,17.93015847,3.129648337,21.32847435,3.146010896,23.089644,3.162694951,26.26700681,3.078868395,29.1498272,3.111745356,32.9970978,3.111439901
16.03719258,1.239990079,13.92358335,2.307243997,14.0623596,2.967122112,16.15692578,3.055425479,18.0192918,3.112930806,21.43450119,3.112503014,23.20442587,3.145800896,26.39758379,3.062422113,29.29473509,3.095123456,33.16113101,3.094819632
16.11691572,1.233366467,13.99279943,2.294919474,14.09726926,2.951278535,16.23724413,3.030982565,18.10886823,3.096302574,21.54105511,3.095877067,23.31977833,3.128997083,26.52880989,3.046063681,29.44036333,3.078590345,33.32597965,3.078288144
16.19703517,1.226778237,14.0275364,2.282665265,14.20251905,2.935508031,16.31796175,3.014792073,18.19888996,3.079763164,21.64813872,3.07933993,23.43570422,3.11228303,26.66068833,3.029792631,29.58671551,3.062145548,33.49164777,3.061844961
16.27755291,1.2202252,14.09726926,2.270472033,14.23777664,2.919833265,16.39908063,2.998688065,18.2440685,3.063318116,21.75575466,3.062891129,23.55220639,3.095658258,26.79322235,3.013608495,29.73379522,3.045788593,33.65813945,3.045489612
16.35847091,1.213707166,14.16734876,2.258343933,14.34407545,2.904230793,16.48060276,2.982670079,18.2893592,3.046960881,21.86390557,3.046530192,23.66928772,3.07912229,26.92641522,2.997510809,29.88160609,3.029519012,33.82545879,3.029221629
16.43979116,1.207223949,14.23777664,2.246280617,14.37968446,2.888723038,16.56253015,2.966737656,18.38027817,3.030685038,21.97259411,3.03025665,23.78695107,3.062674651,27.06027022,2.981499112,29.95578685,3.013342254,33.9936099,3.013040543
16.43979116,1.200780079,14.30855463,2.23428174,14.45116789,2.873292448,16.64486482,2.943004231,18.47164911,3.014496135,22.08182296,3.014070035,23.90519935,3.046314871,27.19479062,2.949743431,30.17943586,2.997240106,34.1625969,2.996945891
16.52151567,1.194365915,14.37968446,2.222346956,14.52300668,2.857944284,16.72760878,2.927283689,18.56347428,2.998393708,22.1915948,2.997969884,24.02403545,3.030042478,27.19479062,2.965572944,30.32946207,2.981229855,34.33242397,2.980937211
16.60364645,1.187986013,14.41538187,2.210480264,14.59520258,2.842678104,16.81076407,2.903865889,18.65575591,2.982377294,22.24668519,2.981961589,24.1434623,3.013857008,27.32997974,2.933986891,30.48023408,2.957380494,34.50309527,2.965014044
16.68618551,1.184806526,14.48704275,2.19867262,14.66775738,2.827493471,16.89433274,2.888354411,18.7484963,2.966446435,22.41277828,2.966027127,24.26348284,2.997757995,27.46584091,2.918314517,30.63175561,2.941583159,34.674615,2.949175934
16.76913488,1.175328264,14.55905988,2.186928048,14.74067287,2.812389949,16.97831684,2.872925791,18.8416977,2.950600673,22.46841775,2.950189397,24.38410002,2.981744977,27.60237746,2.90272586,30.78403037,2.925870209,34.84698738,2.933422425
16.8524966,1.169050055,14.59520258,2.175250483,14.81395082,2.797367106,17.06271843,2.857579585,18.93536243,2.919174088,22.52419534,2.934436237,24.50531681,2.949986677,27.73959275,2.887220472,30.9370621,2.902463716,35.02021665,2.917753067
16.93627273,1.162805382,14.66775738,2.163631025,14.88759305,2.782424509,17.1475396,2.842315354,18.93536243,2.934839554,22.63616628,2.918761462,24.50531681,2.965817496,27.87749016,2.871797908,31.09085458,2.886959729,35.19430706,2.902167409
17.02046532,1.156594065,14.74067287,2.152073633,14.96160136,2.767561731,17.23278243,2.827132658,19.02949277,2.90358084,22.74869384,2.903170418,24.62713618,2.934228838,28.01607308,2.856457727,31.24541159,2.886948392,35.36926291,2.886665004
17.10507644,1.150415928,14.81395082,2.140577978,15.03597759,2.752778344,17.31844901,2.80451605,19.12409105,2.888070885,22.86178079,2.887662655,24.74956113,2.918555171,28.15534492,2.841199488,31.40073691,2.871527282,35.54508848,2.871245408
17.19010818,1.144270792,14.88759305,2.129143728,15.11072354,2.738073926,17.40454145,2.782080372,19.2191596,2.872643779,22.97542992,2.87223773,24.87259468,2.902965229,28.29530909,2.826022754,31.55683439,2.856188547,35.7217881,2.855908178
17.27556262,1.138158481,14.92455133,2.117774715,15.14823574,2.7234534,17.49106187,2.767219431,19.31470074,2.857299079,23.089644,2.856895199,24.99623984,2.887458562,28.43596904,2.810927088,31.71370784,2.840931746,35.89936613,2.840652874
17.36144187,1.13207882,14.99874337,2.106462273,15.22353975,2.708905626,17.5780124,2.752437873,19.41071683,2.842036346,23.20442587,2.841634624,25.12049965,2.872034727,28.57732824,2.795912058,31.87136114,2.825756441,36.07782692,2.825479059
17.44774803,1.126031635,15.07330423,2.095210258,15.2992181,2.69443556,17.66539517,2.737735274,19.50721023,2.826855141,23.31977833,2.826455565,25.24537718,2.856693281,28.71939015,2.780977234,32.02979815,2.810662198,36.25717486,2.810386298
17.53448324,1.120016752,15.14823574,2.084018347,15.33719824,2.680048051,17.75321233,2.72311121,19.60418331,2.811755029,23.43570422,2.811357587,25.3708755,2.841433784,28.86215827,2.766122186,32.18902277,2.795648584,36.43741437,2.795374157
17.62164962,1.114033998,15.18584107,2.07289029,15.41344161,2.665732134,17.84146604,2.708565263,19.65285047,2.796741068,23.55220639,2.796340258,25.49699768,2.826255797,29.00563611,2.75134649,32.34903892,2.780715167,36.61854987,2.780442206
17.70924931,1.108083202,15.26133202,2.061817605,15.49006399,2.651492687,17.93015847,2.694097016,19.75054755,2.781801815,23.66928772,2.781403146,25.62374684,2.811158887,29.07764228,2.736655093,32.50985054,2.765861519,36.80058583,2.765590016
17.79728448,1.102164193,15.33719824,2.050804067,15.56706727,2.637329302,17.98953157,2.677320301,19.8487303,2.766942363,23.78695107,2.766545824,25.70859613,2.793653203,29.29473509,2.707501907,32.67146157,2.751087214,36.9835267,2.750817162
17.88575728,1.096276802,15.41344161,2.03984936,15.64445335,2.623241574,18.0192918,2.665402429,19.89800455,2.752167689,23.84600191,2.751773266,25.75112608,2.781217484,29.29473509,2.722031455,32.91538572,2.736386457,37.16737701,2.73612322
17.97466989,1.090420859,15.49006399,2.028953169,15.72222413,2.609229097,18.10886823,2.651164743,19.99692032,2.737466532,23.96454374,2.737074217,25.87913855,2.766361153,29.44036333,2.69303934,33.07901273,2.721769598,37.35214126,2.721507767
18.0640245,1.084596196,15.56706727,2.018115182,15.80038151,2.595291471,18.19888996,2.637003111,20.09632782,2.722843904,24.08367485,2.722453684,26.00778738,2.75158418,29.58671551,2.678654027,33.32597965,2.707225503,37.537824,2.706970386
18.1538233,1.078802647,15.60571235,2.007339028,15.87892742,2.581428294,18.2893592,2.622917124,20.19622949,2.708299385,24.20339818,2.70791125,26.13707574,2.73688614,29.73379522,2.664345556,33.49164777,2.692764412,37.63101123,2.692515944
18.2440685,1.073040045,15.68329053,1.996616497,15.91834668,2.567644211,18.38027817,2.608906381,20.29662778,2.693832558,24.26348284,2.693451784,26.26700681,2.722266612,29.88160609,2.650113516,33.57479041,2.678385827,37.81808027,2.678133427
18.33476233,1.067308225,15.72222413,1.98595514,15.99747902,2.553928717,18.47164911,2.594970478,20.39752517,2.679443008,24.38410002,2.679064269,26.39758379,2.707725177,30.03015175,2.635957498,33.74169541,2.664078788,37.91196323,2.663832967
18.42590701,1.061607023,15.80038151,1.975346834,16.03719258,2.540291474,18.56347428,2.581109016,20.49892413,2.665130323,24.50531681,2.664753606,26.52880989,2.693261418,30.17943586,2.621877098,33.82545879,2.649853375,38.10042892,2.649603664
18.51750478,1.055936274,15.87892742,1.964795194,16.11691572,2.526722089,18.65575591,2.567321598,20.60082716,2.65089409,24.62713618,2.650519386,26.66068833,2.678874919,30.32946207,2.60787191,33.9936099,2.635698747,38.2898315,2.63545037
18.60955789,1.050295817,15.9578638,1.954299917,16.19703517,2.513225187,18.7484963,2.553607827,20.70323676,2.636733903,24.74956113,2.6363612,26.79322235,2.664565267,30.48023408,2.593941533,34.1625969,2.621619729,38.48017563,2.621372679
18.70206862,1.041893619,16.03719258,1.943860702,16.27755291,2.499800381,18.8416977,2.539967311,20.80615546,2.622649355,24.87259468,2.622278643,26.92641522,2.650332054,30.63175561,2.580085567,34.33242397,2.607615916,38.67146599,2.607370185
18.79503923,1.036328172,16.11691572,1.93347725,16.35847091,2.486447286,18.93536243,2.526399657,20.90958578,2.594715751,24.99623984,2.60827131,27.06027022,2.636174869,30.78403037,2.566303615,34.50309527,2.593686906,38.86370728,2.593442488
18.88847201,1.030792455,16.19703517,1.923149264,16.43979116,2.473165519,19.02949277,2.512904478,20.90958578,2.608640042,25.12049965,2.5943388,27.19479062,2.622093307,30.9370621,2.552595282,34.674615,2.579832301,39.05690422,2.579589188
18.98236925,1.025286307,16.23724413,1.912880201,16.52151567,2.459954698,19.12409105,2.492801645,21.06569612,2.580850582,25.24537718,2.580480712,27.32997974,2.608086964,31.09085458,2.538960174,34.84698738,2.566051702,39.25106158,2.565809888
19.07673328,1.019809572,16.31796175,1.902662236,16.56253015,2.446819249,19.2191596,2.472859631,21.17041666,2.567064544,25.3708755,2.56669665,27.46584091,2.594155438,31.24541159,2.525397901,35.02021665,2.552344714,39.44618412,2.552104192
19.1715664,1.014362091,16.35847091,1.892502569,16.60364645,2.43375394,19.31470074,2.459650445,21.22297198,2.55335716,25.43385841,2.55299123,27.60237746,2.573402611,31.40073691,2.511908072,35.13618098,2.536450721,39.64227664,2.538471708
19.26687094,1.006247357,16.48060276,1.882389759,16.68618551,2.420753643,19.41071683,2.446511817,21.32847435,2.539717982,25.5602937,2.539354007,27.73959275,2.559656357,31.55683439,2.498490302,35.19430706,2.525159918,39.83934396,2.524912043
19.36264927,1.000872321,16.56253015,1.872334664,16.76913488,2.407822789,19.50721023,2.433443371,21.43450119,2.526151661,25.68735751,2.52578963,27.87749016,2.539179517,31.71370784,2.485144205,35.36926291,2.511671361,40.03739093,2.51142481
19.45890371,0.995525997,16.64486482,1.862333281,16.8524966,2.394961007,19.60418331,2.420444733,21.54105511,2.512657806,25.75112608,2.512302641,28.01607308,2.525616071,31.87136114,2.471869398,35.54508848,2.498254855,40.23642242,2.498009621
19.55563666,0.990208231,16.68618551,1.852388958,16.93627273,2.382167929,19.70163845,2.407515529,21.64813872,2.499236031,25.87913855,2.498882763,28.15534492,2.512125078,32.02979815,2.458665501,35.7217881,2.484910016,40.43644333,2.484666092
19.65285047,0.984918871,16.76913488,1.842494117,17.02046532,2.369443187,19.79957807,2.394655389,21.75575466,2.48588595,26.00778738,2.48553457,28.29530909,2.498706148,32.18902277,2.445532135,35.89936613,2.47163646,40.63745857,2.471393839
19.75054755,0.979657765,16.8524966,1.832652132,17.06271843,2.356791043,19.89800455,2.381863943,21.86390557,2.472607181,26.13707574,2.472257678,28.43596904,2.485358898,32.34903892,2.432468922,36.07782692,2.458433807,40.83947308,2.458192482
19.8487303,0.974424762,16.93627273,1.822862719,17.1475396,2.344201856,19.99692032,2.369140825,21.91818247,2.459404172,26.26700681,2.459051706,28.57732824,2.472082944,32.50985054,2.419475489,36.16738972,2.445306479,41.04249183,2.445061642
19.94740112,0.969219711,17.02046532,1.813125598,17.23278243,2.331679916,20.09632782,2.356485669,22.02714083,2.44626686,26.39758379,2.445916277,28.71939015,2.458877906,32.67146157,2.406551463,36.34718289,2.432244472,41.24651982,2.432000943
,,17.10507644,1.803440489,17.31844901,2.319224864,20.14621673,2.343902715,22.13664084,2.433199723,26.52880989,2.432851013,28.86215827,2.445743405,32.83387599,2.393696472,36.43741437,2.419256988,41.45156207,2.41901001
,,17.19010818,1.793807115,17.40454145,2.306836343,20.29662778,2.331377796,22.24668519,2.420202386,26.66068833,2.419855539,29.00563611,2.432679065,32.9970978,2.380910148,36.61854987,2.406334129,41.6576236,2.40608847
,,17.27556262,1.784225199,17.44774803,2.294518502,20.3638371,2.31685981,22.35727659,2.407274477,26.72687319,2.406934208,29.1498272,2.419684509,33.16113101,2.368192125,36.80058583,2.393480299,41.8647095,2.393235952
,,17.31844901,1.774697951,17.53448324,2.282261953,20.39752517,2.306546499,22.41277828,2.394420325,26.85973623,2.394077173,29.29473509,2.406759366,33.37191619,2.349244405,36.9835267,2.38069513,41.96863817,2.380456762
,,17.40454145,1.765218109,17.62164962,2.270070876,20.49892413,2.294225701,22.52419534,2.381630135,26.99325975,2.381288815,29.44036333,2.393903265,33.49164777,2.342959522,37.16737701,2.367978255,42.28197477,2.367736512
,,17.49106187,1.755788906,17.70924931,2.257944918,20.60082716,2.281970717,22.63616628,2.368908265,27.12744703,2.368568769,29.58671551,2.381115837,33.57479041,2.330448793,37.35214126,2.355329309,42.55073562,2.348792438
,,17.5780124,1.746410071,17.79728448,2.245883734,20.70323676,2.269781195,22.74869384,2.356254352,27.26230138,2.355916669,29.73379522,2.368396714,33.74169541,2.318000318,37.537824,2.34274793,42.70339892,2.342508763
,,17.62164962,1.737084745,17.88575728,2.233886976,20.80615546,2.257656785,22.86178079,2.343668032,27.39782611,2.343332153,29.88160609,2.355745534,33.82545879,2.305622864,37.72442979,2.330233757,42.91568351,2.329995867
,,17.70924931,1.727805821,17.97466989,2.221954302,20.90958578,2.24559714,22.97542992,2.331148943,27.53402455,2.330814858,30.03015175,2.343161931,33.9936099,2.293307,37.91196323,2.31778643,43.1290234,2.311356274
,,17.79728448,1.718576461,18.0192918,2.210089706,21.01353027,2.233601913,23.089644,2.318696727,27.67090005,2.318364427,30.17943586,2.330645546,34.1625969,2.281056923,38.10042892,2.305405592,43.34342383,2.299009784
,,17.88575728,1.709396403,18.10886823,2.198284148,21.11799148,2.221670761,23.20442587,2.306311027,27.80845598,2.305980502,30.32946207,2.318196019,34.33242397,2.268872282,38.2898315,2.293090889,43.66702453,2.280613597
,,17.97466989,1.70026538,18.19888996,2.186541652,21.18792062,2.207835944,23.31977833,2.293991487,27.94669572,2.293662728,30.48023408,2.305812994,34.50309527,2.256752728,38.48017563,2.280841966,43.88409944,2.268431324
,,18.0640245,1.691183133,18.2440685,2.17486615,21.22297198,2.198007943,23.43570422,2.269558388,28.08562267,2.281410751,30.63175561,2.293496114,34.674615,2.244697912,38.67146599,2.268658474,43.99304123,2.256318554
,,18.1538233,1.6821494,18.33476233,2.163248744,21.32847435,2.186266922,23.43570422,2.281737754,28.22524024,2.26922422,30.78403037,2.281245027,34.84698738,2.232707488,38.86370728,2.256540061,44.21173681,2.244266058
,,18.2440685,1.673163922,18.42590701,2.151693395,21.43450119,2.174588618,23.55220639,2.257435169,28.36555188,2.257102785,30.9370621,2.269059382,35.02021665,2.220781114,39.05690422,2.244486381,44.43151957,2.232277941
,,18.2893592,1.664229709,18.51750478,2.140199771,21.54105511,2.162972695,23.72804646,2.245372299,28.50656102,2.245046099,31.09085458,2.25090727,35.19430706,2.208918446,39.25106158,2.232497088,44.65239489,2.220353861
,,18.38027817,1.655339952,18.60955789,2.128767541,21.64813872,2.15141882,23.84600191,2.233378273,28.64827114,2.233053816,31.24541159,2.238883679,35.36926291,2.197119145,39.44618412,2.220571837,44.87436821,2.208493476
,,18.47164911,1.646497681,18.70206862,2.117396379,21.75575466,2.139926662,23.90519935,2.221452677,28.79068571,2.221125592,31.40073691,2.226924313,35.54508848,2.185382871,39.64227664,2.208710287,45.097445,2.196696444
,,18.56347428,1.637702643,18.79503923,2.106085958,21.86390557,2.128495892,24.02403545,2.209586422,28.93380826,2.209261084,31.55683439,2.209109276,35.7217881,2.173709289,39.83934396,2.196912098,45.32163073,2.184962429
,,18.65575591,1.628954585,18.88847201,2.094835953,21.97259411,2.117126181,24.1434623,2.197783553,29.07764228,2.197459952,31.71370784,2.197308955,35.89936613,2.162098063,40.03739093,2.18517693,45.54693092,2.173291092
,,18.70206862,1.620256437,18.93536243,2.083650133,22.08182296,2.105817203,24.26348284,2.18604373,29.1498272,2.18572615,31.87136114,2.185571668,36.07782692,2.15054886,40.23642242,2.173504448,45.77335111,2.1616821
,,18.79503923,1.611601571,18.98236925,2.072524042,22.1915948,2.094568634,24.38410002,2.174366618,29.29473509,2.174050734,32.02979815,2.173897077,36.25717486,2.13906135,40.43644333,2.161894316,46.11509358,2.150130898
,,18.88847201,1.602992936,19.07673328,2.061453314,22.30191234,2.083380151,24.50531681,2.162751881,29.44036333,2.162437684,32.18902277,2.162284848,36.43741437,2.127635202,40.63745857,2.150346202,46.34433818,2.13864562
,,18.98236925,1.594430285,19.1715664,2.050441722,22.41277828,2.072251433,24.62713618,2.151199185,29.58671551,2.150886667,32.34903892,2.150734648,36.61854987,2.116270088,40.83947308,2.138859774,46.45938749,2.127225869
,,19.07673328,1.585913373,19.26687094,2.03948895,22.52419534,2.055673754,24.74956113,2.139708201,29.73379522,2.139397352,32.50985054,2.139246144,36.80058583,2.104965683,41.04249183,2.127434702,46.69034362,2.115862942
,,19.1715664,1.577441956,19.36264927,2.028594684,22.63616628,2.044693034,24.87259468,2.128278598,29.88160609,2.127969409,32.67146157,2.127819009,36.9835267,2.093721662,41.24651982,2.11607066,46.92244788,2.104560712
,,19.26687094,1.56901579,19.45890371,2.017758612,22.74869384,2.03377097,24.99623984,2.116910047,30.03015175,2.11660251,32.83387599,2.116452914,37.16737701,2.082537704,41.45156207,2.10476732,47.15570596,2.104552448
,,19.36264927,1.560634634,19.55563666,2.006980422,22.86178079,2.017501128,25.12049965,2.105602224,30.17943586,2.10529633,32.9970978,2.105147532,37.35214126,2.071413486,41.6576236,2.093524359,47.39012359,2.093310635
,,19.45890371,1.552298247,19.65285047,1.996259806,22.97542992,2.006724314,25.24537718,2.094354803,30.32946207,2.094050543,33.16113101,2.09390254,37.537824,2.06034869,41.8647095,2.082341454,47.50776904,2.082132959
,,19.50721023,1.544009422,19.75054755,1.985596456,23.089644,1.996005066,25.3708755,2.083167462,30.48023408,2.082864827,33.32597965,2.082717615,37.72442979,2.049342998,42.07282485,2.071218285,47.74393683,2.071010904
,,19.60418331,1.535761842,19.8487303,1.974990065,23.20442587,1.985343076,25.49699768,2.07203988,30.55590092,2.071742929,33.49164777,2.071592436,37.91196323,2.038396095,42.28197477,2.060154531,48.10039164,2.059944214
,,19.65285047,1.527561316,19.94740112,1.964440331,23.31977833,1.974738039,25.62374684,2.060971738,30.63175561,2.060680419,33.65813945,2.060526684,38.10042892,2.027507667,42.4921644,2.049149877,48.33950544,2.038003931
,,19.79957807,1.519398613,19.99692032,1.953950786,23.43570422,1.964189651,25.75112608,2.049962719,30.78403037,2.049672956,33.82545879,2.049520042,38.2898315,2.016677401,42.59765072,2.038208007,48.33950544,2.048940683
,,19.89800455,1.511282495,20.14621673,1.94350962,23.55220639,1.953697609,25.87913855,2.039012505,30.9370621,2.03872429,33.9936099,2.038572193,38.48017563,2.005904987,42.80940963,2.027320584,48.57980791,2.027117598
,,19.99692032,1.503209731,20.2463664,1.933128044,23.66928772,1.943261612,26.00778738,2.028120784,31.09085458,2.027834109,34.1625969,2.027682825,38.67146599,1.995190115,43.02222121,2.016491317,48.82130495,2.021692288
,,20.09632782,1.495180089,20.29662778,1.922805697,23.78695107,1.93288136,26.13707574,2.017287244,31.24541159,2.0170021,34.33242397,2.016851623,38.86370728,1.984532479,43.1290234,2.005723835,49.18580335,2.005515136
,,20.2463664,1.487190419,20.34701393,1.912538469,23.90519935,1.922556556,26.20196074,2.006515511,31.40073691,2.006227951,34.50309527,2.006078278,39.05690422,1.973931772,43.34342383,1.995009931,49.43031289,1.994802347
,,20.34701393,1.479246346,20.49892413,1.902318595,24.02403545,1.912286904,26.33221437,1.995797378,31.55683439,1.995511354,34.674615,1.995362481,39.25106158,1.963387691,43.55889007,1.984353257,49.55302309,1.984150678
,,20.4481618,1.471344709,20.60082716,1.892157048,24.1434623,1.902072109,26.4631155,1.985136498,31.71370784,1.984852002,34.84698738,1.984703924,39.44618412,1.952899932,43.77542743,1.973753508,49.79935812,1.973552011
,,20.60082716,1.463482405,20.65196848,1.882053474,24.26348284,1.891911877,26.52880989,1.974536442,31.87136114,1.974249588,35.02021665,1.974102301,39.64227664,1.942468196,43.99304123,1.963210378,50.04691772,1.963009958
,,20.70323676,1.455664973,20.75463232,1.872000176,24.38410002,1.881805919,26.66068833,1.96398913,32.02979815,1.963703809,35.19430706,1.963557309,39.83934396,1.932092182,44.21173681,1.952723567,50.29570798,1.952524217
,,20.80615546,1.447889299,20.85780651,1.862000579,24.50531681,1.871753943,26.79322235,1.953498159,32.18902277,1.953214362,35.36926291,1.953068644,40.03739093,1.921771594,44.43151957,1.942292773,50.54573501,1.942094488
,,20.90958578,1.44015516,20.96149359,1.852054397,24.62713618,1.861755661,26.92641522,1.943063227,32.34903892,1.942780946,35.54508848,1.942636007,40.23642242,1.911506135,44.65239489,1.931917696,50.79700495,1.93172047
,,21.01353027,1.432462335,21.06569612,1.842161343,24.74956113,1.851810787,27.06027022,1.932684035,32.50985054,1.932403262,35.7217881,1.932259097,40.43644333,1.90129551,44.87436821,1.92159804,51.049524,1.921401867
,,21.06569612,1.424813399,21.17041666,1.832321135,24.87259468,1.841919035,27.19479062,1.922360285,32.75256811,1.922077238,35.89936613,1.921937617,40.63745857,1.891139427,45.097445,1.911333508,51.30329835,1.911138383
,,21.22297198,1.417199741,21.27565777,1.82253349,24.99623984,1.832080121,27.32997974,1.912091682,32.91538572,1.911810146,36.07782692,1.911671271,40.83947308,1.881037595,45.2093989,1.901127538,51.55833425,1.900929723
,,21.32847435,1.409629535,21.38142205,1.812798128,25.12049965,1.822293764,27.46584091,1.901877929,32.9970978,1.901601631,36.25717486,1.901459764,41.04249183,1.870989723,45.43414117,1.890972352,51.81463797,1.890775594
,,21.43450119,1.402099767,21.4877121,1.803114768,25.24537718,1.812559682,27.60237746,1.891718735,33.16113101,1.891443913,36.43741437,1.891302804,41.24651982,1.860995524,45.66000067,1.880871412,52.07221581,1.880675705
,,21.54105511,1.39461022,21.59453054,1.793483134,25.3708755,1.802877596,27.73959275,1.881613808,33.32597965,1.881340454,36.61854987,1.881200099,41.45156207,1.85105471,45.88698294,1.870824428,52.46098541,1.870626094
,,21.64813872,1.38716068,21.64813872,1.783906451,25.49699768,1.793247228,27.87749016,1.871562859,33.49164777,1.871290965,36.80058583,1.8661508,41.6576236,1.841166996,46.11509358,1.860831112,52.85265756,1.860630183
,,21.75575466,1.379750933,21.75575466,1.774377421,25.62374684,1.783668303,28.01607308,1.861565598,33.65813945,1.861295156,36.9835267,1.856182448,41.8647095,1.8313321,46.34433818,1.850891176,53.11539554,1.850691321
,,21.80976307,1.372383461,21.86390557,1.764899292,25.75112608,1.774140545,28.15534492,1.851621739,33.82545879,1.851352742,37.16737701,1.846267344,42.07282485,1.821549738,46.5747224,1.841004336,53.37943963,1.840805549
,,21.91818247,1.365052649,21.97259411,1.755471792,25.87913855,1.759947705,28.29530909,1.841730996,33.9936099,1.841463436,37.35214126,1.836405203,42.17727017,1.811823188,46.92244788,1.831166713,53.64479632,1.830972583
,,22.02714083,1.357760996,22.08182296,1.746094651,26.00778738,1.750546655,28.43596904,1.831893087,34.1625969,1.831626956,37.537824,1.821714256,42.4921644,1.802141498,47.15570596,1.821385235,53.91147213,1.821192142
,,22.08182296,1.350510943,22.1915948,1.736767599,26.13707574,1.741195822,28.57732824,1.822107729,34.33242397,1.82184302,37.72442979,1.81198327,42.59765072,1.792518582,47.39012359,1.811656006,54.17947363,1.82118499
,,22.1915948,1.343296967,22.24668519,1.72749376,26.26700681,1.731894938,28.71939015,1.81237464,34.50309527,1.812111345,37.91196323,1.811976154,42.80940963,1.782943549,47.62570655,1.801978747,54.4488074,1.811456831
,,22.24668519,1.336124148,22.35727659,1.718266068,26.39758379,1.722643736,28.86215827,1.797875934,34.674615,1.802431654,38.10042892,1.802297186,42.91568351,1.773423144,47.86246062,1.792353181,54.71948007,1.801780636
,,22.35727659,1.328987021,22.46841775,1.709087667,26.52880989,1.708862863,29.00563611,1.788272284,34.84698738,1.792803669,38.2898315,1.792669919,43.1290234,1.763950112,48.10039164,1.782779032,54.99149829,1.792156129
,,22.46841775,1.321888019,22.58011141,1.699958294,26.66068833,1.69973469,29.1498272,1.773966392,35.02021665,1.783227113,38.48017563,1.778328847,43.45102339,1.754524238,48.33950544,1.773256024,55.26486875,1.782583032
,,22.58011141,1.314826936,22.69236031,1.690877687,26.79322235,1.690655278,29.29473509,1.764490459,35.19430706,1.773701712,38.67146599,1.764102501,43.77542743,1.745148732,48.57980791,1.763783885,55.40206317,1.773064552
,,22.63616628,1.307806139,22.80516722,1.681845586,26.92641522,1.681624364,29.5134487,1.755061697,35.36926291,1.764227192,38.86370728,1.754679257,43.88409944,1.735830141,48.82130495,1.754362343,55.6774746,1.763593436
,,22.74869384,1.300820278,22.86178079,1.672865015,27.06027022,1.672641691,29.73379522,1.736365282,35.54508848,1.754803283,39.05690422,1.745306349,44.10225346,1.726557918,49.06400251,1.744991128,55.81569331,1.754176356
,,22.80516722,1.293874272,22.97542992,1.663929131,27.19479062,1.663707,29.73379522,1.745683319,35.7217881,1.745429712,39.25106158,1.735983508,44.21173681,1.717338597,49.30790656,1.735669971,56.09316096,1.744806134
,,22.91853491,1.28696283,23.14696379,1.655037731,27.32997974,1.654820036,29.88160609,1.727090201,35.89936613,1.736106212,39.44618412,1.726710467,44.54182032,1.708161796,49.55302309,1.726398604,56.37200794,1.735485965
,,23.03246616,1.280088306,23.26203059,1.646197074,27.46584091,1.645980542,30.03015175,1.717864665,36.07782692,1.726832515,39.64227664,1.717486958,44.87436821,1.699034033,49.79935812,1.717176762,56.65224111,1.726215581
,,23.14696379,1.273250504,23.31977833,1.637406857,27.60237746,1.637188266,30.17943586,1.708688408,36.25717486,1.717608355,39.83934396,1.708312719,45.097445,1.689958363,50.17115864,1.708000826,56.93386735,1.707829813
,,23.20442587,1.266451713,23.43570422,1.628660378,27.73959275,1.628442956,30.32946207,1.699561167,36.43741437,1.708433467,40.03739093,1.699187486,45.32163073,1.680931172,50.54573501,1.698873923,56.93386735,1.716994716
,,23.31977833,1.259686753,23.55220639,1.619960621,27.87749016,1.615415673,30.48023408,1.690482682,36.61854987,1.699307589,40.23642242,1.690110996,45.54693092,1.671952202,50.79700495,1.689799109,57.2168936,1.698707159
,,23.43570422,1.252957929,23.61067448,1.611310498,28.01607308,1.606786664,30.63175561,1.68145269,36.80058583,1.690230458,40.43644333,1.68108299,45.77335111,1.663021194,51.049524,1.680772769,57.50132681,1.689633235
,,23.49388309,1.246267495,23.72804646,1.602703418,28.22524024,1.593929499,30.78403037,1.672470934,36.9835267,1.681201813,40.63745857,1.672103209,46.00089687,1.654137893,51.30329835,1.671794644,57.78717398,1.680607781
,,23.61067448,1.239610352,23.84600191,1.594142314,28.36555188,1.585415263,30.9370621,1.663537155,37.16737701,1.672221397,40.83947308,1.663171394,46.22957378,1.645302043,51.55833425,1.662864478,58.07444214,1.671630538
,,23.72804646,1.232988769,23.96454374,1.58562694,28.43596904,1.576949602,31.09085458,1.654651098,37.35214126,1.663288951,41.04249183,1.65428729,46.45938749,1.636513391,51.81463797,1.653982014,58.36313834,1.662701248
,,23.84600191,1.226402557,24.08367485,1.577157053,28.57732824,1.568526066,31.24541159,1.645812507,37.537824,1.65440422,41.24651982,1.645450643,46.69034362,1.627771686,52.07221581,1.645146997,58.6532697,1.653819656
,,23.96454374,1.219851526,24.20339818,1.568732409,28.71939015,1.560147526,31.40073691,1.637021128,37.72442979,1.645566947,41.45156207,1.641046814,46.92244788,1.619076675,52.3310741,1.636359173,58.94484334,1.644985506
,,24.08367485,1.213335488,24.32371667,1.560352767,28.86215827,1.551813741,31.55683439,1.628276711,37.91196323,1.636776881,41.6576236,1.632280892,47.15570596,1.610428111,52.59121922,1.627618292,59.23786643,1.636198545
,,24.1434623,1.206856626,24.44463328,1.552017886,29.00563611,1.547660519,31.71370784,1.619579003,38.10042892,1.628033768,41.8647095,1.623561795,47.39012359,1.601825744,52.85265756,1.618924101,59.53234618,1.627458521
,,24.32371667,1.200407646,24.56615098,1.543727527,29.1498272,1.535279483,31.87136114,1.610927755,38.2898315,1.619337357,42.07282485,1.610573561,47.62570655,1.593269328,53.11539554,1.610276351,59.68013457,1.618768362
,,24.44463328,1.193995471,24.68827277,1.535481452,29.29473509,1.527078535,32.02979815,1.602322719,38.48017563,1.6106874,42.28197477,1.601970417,47.86246062,1.584758618,53.37943963,1.601674795,59.9768129,1.610121444
,,24.56615098,1.187617548,24.81100164,1.527279425,29.44036333,1.518921394,32.18902277,1.593763649,38.67146599,1.602083649,42.4921644,1.593413229,48.10039164,1.576293369,53.64479632,1.593119185,60.27496606,1.601520716
,,24.62713618,1.181276013,24.99623984,1.519118229,29.58671551,1.510807825,32.34903892,1.585250298,38.86370728,1.593525855,42.70339892,1.58490175,48.33950544,1.567873339,53.91147213,1.584609277,60.57460138,1.592965929
,,24.74956113,1.174966032,25.12049965,1.511003608,29.73379522,1.502737596,32.50985054,1.576782422,39.05690422,1.585013775,42.91568351,1.576435736,48.57980791,1.559498285,54.17947363,1.576144826,61.02684954,1.584453729
,,24.87259468,1.168689758,25.24537718,1.502932334,29.88160609,1.49871572,32.67146157,1.56835978,39.25106158,1.576547163,43.1290234,1.568014945,48.82130495,1.551167968,54.4488074,1.567725589,61.33022257,1.575990108
,,24.99623984,1.162447009,25.3708755,1.494904174,30.03015175,1.486726234,32.83387599,1.559982128,39.44618412,1.568125777,43.34342383,1.559639135,49.06400251,1.542882149,54.71948007,1.559351325,61.63510372,1.567571698
,,25.12049965,1.156237607,25.5602937,1.486915978,30.17943586,1.478784641,32.9970978,1.551649227,39.64227664,1.559749375,43.55889007,1.551308066,49.30790656,1.534640591,54.99149829,1.551021793,61.94150048,1.559198256
,,25.18286101,1.150063632,25.68735751,1.478973371,30.32946207,1.47088547,33.16113101,1.543360837,39.83934396,1.551417717,43.77542743,1.543021499,49.55302309,1.526443055,55.26486875,1.542736755,62.24942037,1.550869542
,,25.30804855,1.143920378,25.81505297,1.471073192,30.48023408,1.463028493,33.32597965,1.535116721,39.93824469,1.543133593,43.99304123,1.534779196,49.79935812,1.518289309,55.53959817,1.534495973,62.55887098,1.542585317
,,25.43385841,1.137809939,26.00778738,1.463212339,30.63175561,1.455213486,33.49164777,1.526916642,40.13678331,1.534890691,44.21173681,1.52658092,50.04691772,1.510179116,55.81569331,1.52629921,62.86985991,1.534345343
,,25.62374684,1.131729918,26.07235142,1.455399207,30.78403037,1.447440223,33.65813945,1.518760366,40.33630889,1.52669182,44.43151957,1.518426437,50.29570798,1.502112246,56.09316096,1.518146231,63.18239482,1.526149385
,,25.75112608,1.125684596,26.26700681,1.447622111,30.9370621,1.439708483,33.74169541,1.510650623,40.53682635,1.518536744,44.65239489,1.510315512,50.54573501,1.494088466,56.37200794,1.510036803,63.49648337,1.517997207
,,25.81505297,1.119673765,26.39758379,1.439889399,31.09085458,1.435855295,33.90943011,1.502581234,40.7383406,1.510425231,44.87436821,1.502247913,50.67121423,1.486110465,56.65224111,1.501970693,63.81213331,1.509888575
,,25.94338322,1.113692843,26.52880989,1.432197993,31.24541159,1.424368683,34.1625969,1.494552015,40.94085662,1.502357046,45.097445,1.494223409,50.92310795,1.478172161,56.93386735,1.49394767,64.12935238,1.501823257
,,26.13707574,1.107741695,26.66068833,1.424547672,31.40073691,1.416760184,34.33242397,1.48656862,41.14437936,1.494331958,45.32163073,1.486241768,51.049524,1.470279148,57.2168936,1.485967502,64.4481484,1.493801021
,,26.26700681,1.10182451,26.79322235,1.416938216,31.55683439,1.409192326,34.50309527,1.478627869,41.34891385,1.486349738,45.54693092,1.478302763,51.30329835,1.46242541,57.50132681,1.478029962,64.76852919,1.485821637
,,26.39758379,1.095938933,26.92641522,1.409369407,31.71370784,1.401664893,34.58874882,1.470732422,41.55446511,1.478410156,45.77335111,1.470406166,51.68632724,1.454610768,57.78717398,1.470134822,65.09050264,1.477884876
,,26.52880989,1.090084795,27.06027022,1.401841028,31.87136114,1.394177669,34.84698738,1.462873391,41.76103819,1.470512985,46.00089687,1.462551749,52.07221581,1.446837884,58.07444214,1.462281855,65.41407667,1.469990511
,,26.66068833,1.084261928,27.19479062,1.394352864,32.02979815,1.38673044,35.02021665,1.455059212,41.96863817,1.462657998,46.22957378,1.454739289,52.2014845,1.439112187,58.36313834,1.454470836,65.73925923,1.462138315
,,26.79322235,1.078470164,27.32997974,1.386904699,32.18902277,1.379322991,35.19430706,1.447286774,42.17727017,1.45484497,46.45938749,1.446968559,52.59121922,1.431422122,58.6532697,1.446701541,66.06605832,1.454328062
,,26.92641522,1.072709338,27.46584091,1.379496319,32.34903892,1.37195511,35.36926291,1.439555853,42.3869393,1.447073676,46.69034362,1.439239339,52.92550969,1.419969426,58.94484334,1.438973746,66.39448197,1.446559529
,,27.12744703,1.06697719,27.60237746,1.372127512,32.50985054,1.364626586,35.54508848,1.431866229,42.59765072,1.439343894,46.92244788,1.431551405,53.11539554,1.416170612,59.23786643,1.431287231,66.72453827,1.442688006
,,27.26230138,1.061277756,27.80845598,1.364795388,32.67146157,1.357337209,35.63332876,1.424220476,42.70339892,1.431658212,47.15570596,1.423904537,53.37943963,1.408605904,59.53234618,1.423641775,67.05623531,1.43498165
,,27.39782611,1.055608766,27.94669572,1.357505109,32.83387599,1.350086769,35.81046704,1.416612768,42.91568351,1.424010774,47.39012359,1.416298517,53.64479632,1.401081603,59.82828984,1.416037158,67.55687516,1.423499233
,,27.53402455,1.049970058,28.08562267,1.350253772,32.9970978,1.342875058,35.9884859,1.409045697,43.1290234,1.416404186,47.62570655,1.408733125,53.91147213,1.393597495,60.12570467,1.408473163,67.89270987,1.415895377
,,27.67090005,1.04436147,28.22524024,1.343041169,33.16113101,1.33570187,36.25717486,1.401516296,43.34342383,1.40883823,47.86246062,1.401208146,54.17947363,1.386153365,60.42459799,1.400949571,68.06125277,1.408334904
,,27.73959275,1.038784881,28.29530909,1.335869716,33.32597965,1.328566999,36.43741437,1.394029866,43.55889007,1.401312689,48.10039164,1.393723362,54.4488074,1.378748999,60.72497715,1.393466169,68.39959481,1.400812051
,,27.94669572,1.033234012,28.43596904,1.328733948,33.49164777,1.321470239,36.61854987,1.386583426,43.77542743,1.393827347,48.33950544,1.386278559,54.71948007,1.371384184,61.02684954,1.38602274,68.7396188,1.400806551
,,28.08562267,1.027714823,28.57732824,1.321636297,33.65813945,1.314411389,36.70945501,1.379179471,43.99304123,1.386381989,48.57980791,1.378873524,54.99149829,1.36405871,61.33022257,1.378619071,69.0813331,1.393323912
,,28.22524024,1.022225115,28.71939015,1.31457656,33.82545879,1.307390244,36.80058583,1.37181505,44.21173681,1.378976401,48.82130495,1.371508044,55.26486875,1.356772366,61.63510372,1.371254951,69.25282673,1.385883964
,,28.36555188,1.016764731,28.86215827,1.307554533,33.9936099,1.300406604,36.9835267,1.364487274,44.43151957,1.371610372,49.06400251,1.364181908,55.40206317,1.349527592,61.94150048,1.363930167,69.4247461,1.378483743
,,28.50656102,1.011333515,29.00563611,1.300570015,34.1625969,1.29000356,37.16737701,1.357198641,44.65239489,1.364283689,49.30790656,1.356894906,55.6774746,1.342318869,62.24942037,1.356644509,69.76986626,1.371120345
,,28.57732824,1.005933285,29.07764228,1.293625346,34.3797478,1.283111394,37.35214126,1.349948941,44.98576833,1.356993479,49.55302309,1.349646829,55.81569331,1.335151273,62.55887098,1.349397769,70.11670207,1.363796281
,,28.71939015,1.000559927,29.22219132,1.286715233,34.50309527,1.279678713,37.537824,1.342737966,45.32163073,1.349742225,49.79935812,1.342437468,56.09316096,1.328019343,62.86985991,1.342189739,70.56239139,1.360144778
,,28.86215827,0.995215272,29.36745894,1.279842032,34.674615,1.272843099,37.72442979,1.335565511,45.54693092,1.342532355,50.04691772,1.335266617,56.37200794,1.320925509,63.18239482,1.335020212,70.81555475,1.356506012
,,29.00563611,0.989899166,29.5134487,1.273005545,34.84698738,1.266043998,37.91196323,1.328431368,45.77335111,1.335360997,50.29570798,1.328134071,56.65224111,1.313869568,63.49648337,1.327888982,70.99135357,1.349262661
,,29.1498272,0.984611456,29.6601642,1.266205577,35.02021665,1.255915849,38.10042892,1.321335333,46.00089687,1.328227947,50.54573501,1.321039624,56.93386735,1.306851317,63.81213331,1.320795844,71.34426156,1.342055352
,,29.29473509,0.979351992,29.80760904,1.259441931,35.24281892,1.249205805,38.2898315,1.314277203,46.22957378,1.321132999,50.79700495,1.313983074,57.2168936,1.299870556,64.12935238,1.313740596,71.6989239,1.334886543
,,29.36745894,0.974122535,29.88160609,1.252716874,35.36926291,1.245863831,38.48017563,1.307256775,46.45938749,1.314075949,51.049524,1.306964217,57.50132681,1.292927083,64.4481484,1.306723034,72.23422592,1.32775342
,,29.5134487,0.968919099,30.03015175,1.246025281,35.54508848,1.239208844,38.67146599,1.300273848,46.69034362,1.307056596,51.30329835,1.299982852,57.78717398,1.286020701,64.76852919,1.299742958,72.5933124,1.317131605
,,,,30.17943586,1.239369432,35.7217881,1.232589406,38.86370728,1.293328221,46.80625188,1.300077291,51.55833425,1.289583198,58.07444214,1.279151209,65.09050264,1.292800167,72.95418395,1.31009593
,,,,30.32946207,1.232749136,35.89936613,1.226005327,38.960186,1.286422221,47.03893233,1.293132714,51.88605929,1.282693278,58.36313834,1.272318413,65.41407667,1.285894462,73.41790943,1.303096416
,,,,30.40475462,1.226166611,36.07782692,1.219456418,39.05690422,1.279553097,47.15570596,1.286227758,52.07221581,1.279261716,58.6532697,1.265522114,65.73925923,1.279025645,73.68131779,1.299610269
,,,,30.55590092,1.21961684,36.25717486,1.212942491,39.25106158,1.276128544,47.50776904,1.279354649,52.3310741,1.272428329,58.94484334,1.25876212,66.06605832,1.272193519,73.86423084,1.292670725
,,,,30.7077986,1.213102056,36.43741437,1.206463359,39.50055676,1.269310509,47.74393683,1.272520766,52.59121922,1.265631444,59.23786643,1.252038235,66.39448197,1.265397888,74.04759797,1.285768236
,,,,30.86045138,1.206622072,36.61854987,1.200018836,39.64227664,1.265914749,47.98127865,1.265723387,52.85265756,1.255506595,59.53234618,1.245350267,66.72453827,1.258638557,74.41569898,1.285763187
,,,,31.01386301,1.200176702,36.80058583,1.193608738,39.83934396,1.252431604,48.21980032,1.258962317,53.18860983,1.248798738,59.82828984,1.238698023,67.05623531,1.251915332,74.78562987,1.278895072
,,,,31.09085458,1.193768104,36.9835267,1.187232881,39.83934396,1.259152657,48.57980791,1.252234904,53.37943963,1.245457853,60.12570467,1.232081314,67.38958128,1.24522802,75.15739973,1.272063643
,,,,31.16803728,1.187393726,37.16737701,1.180891081,40.03739093,1.245741535,48.82130495,1.245545885,53.64479632,1.238805035,60.42459799,1.225499949,67.72458435,1.23857643,75.53101772,1.261887338
,,,,31.32297797,1.181051067,37.35214126,1.174583157,40.23642242,1.239087201,48.9425033,1.238895029,53.91147213,1.232187754,60.72497715,1.218953739,68.06125277,1.23196037,76.01112257,1.25514539
,,,,31.47868889,1.174742289,37.537824,1.168308928,40.43644333,1.23577095,49.18580335,1.232277268,54.17947363,1.22560582,61.02684954,1.212442497,68.39959481,1.225379651,76.28383485,1.251787526
,,,,31.63517388,1.16846721,37.72442979,1.162068213,40.69347326,1.229168535,49.43031289,1.225694856,54.4488074,1.219059045,61.33022257,1.205966036,68.7396188,1.218834084,76.66305251,1.245100897
,,,,31.79243677,1.16222565,37.91196323,1.155860835,40.83947308,1.225880167,49.79935812,1.219145211,54.71948007,1.212547241,61.63510372,1.19952417,69.0813331,1.212323481,76.85336768,1.238452417
,,,,31.87136114,1.1560197,38.03750315,1.148663044,41.04249183,1.219331926,49.92298447,1.212635327,54.99149829,1.20607022,61.94150048,1.193116714,69.4247461,1.205847656,77.0441553,1.231839438
,,,,32.02979815,1.14984463,38.10042892,1.143549864,41.24651982,1.212818664,50.17115864,1.206157836,55.26486875,1.199627797,62.24942037,1.186743485,69.76986626,1.199406422,77.42715262,1.231834601
,,,,32.18902277,1.143702546,38.2898315,1.137441404,41.45156207,1.206340193,50.42056651,1.199714946,55.53959817,1.196417154,62.55887098,1.180404299,70.11670207,1.192999595,77.81205387,1.225254554
,,,,32.34903892,1.137593271,38.48017563,1.131365574,41.6576236,1.199896329,50.67121423,1.193306471,55.81569331,1.186846008,62.86985991,1.174098975,70.46526204,1.186626992,78.19886851,1.218709655
,,,,32.59055588,1.131514407,38.67146599,1.125322198,41.8647095,1.193486885,50.92310795,1.186932228,56.09316096,1.180506275,63.18239482,1.167827332,70.81555475,1.180288428,78.58760607,1.212199717
,,,,32.75256811,1.125470237,38.86370728,1.113336492,42.07282485,1.187111678,51.17625387,1.180592034,56.37200794,1.174200406,63.49648337,1.164701798,71.16758882,1.173983723,78.97827609,1.205724553
,,,,32.91538572,1.119458353,38.86370728,1.119311105,42.28197477,1.180770526,51.43065821,1.174285708,56.73033059,1.171056538,63.81213331,1.155384371,71.52137289,1.167712696,79.37088819,1.199283977
,,,,32.9970978,1.113480768,39.05690422,1.107389422,42.4921644,1.174463246,51.68632724,1.168013067,56.93386735,1.167923636,64.12935238,1.149212695,71.87691568,1.161475167,79.76545202,1.192877804
,,,,33.24345314,1.107530752,39.25106158,1.101474119,42.70339892,1.168189657,51.94326723,1.161773933,57.2168936,1.161684979,64.4481484,1.143073986,72.23422592,1.155270956,80.16197728,1.186505851
,,,,33.40871102,1.101614695,39.44618412,1.095590414,42.91568351,1.16194958,52.2014845,1.155568126,57.50132681,1.155479648,64.76852919,1.136968068,72.5933124,1.149099886,80.56047373,1.180167935
,,,,33.57479041,1.095730238,39.64227664,1.089738137,43.1290234,1.155742835,52.46098541,1.149395469,57.86682785,1.146234746,65.09050264,1.130894766,72.95418395,1.14296178,80.96095115,1.173863873
,,,,33.74169541,1.089877215,39.83934396,1.083917122,43.34342383,1.149569244,52.72177634,1.143255784,58.07444214,1.143168248,65.41407667,1.124853906,73.31684944,1.136856461,81.36341941,1.167593486
,,,,33.90943011,1.084055457,40.03739093,1.0781272,43.55889007,1.143428631,52.98386369,1.137148895,58.36313834,1.137061827,65.73925923,1.118845314,73.68131779,1.130783756,81.76788839,1.161356594
,,,,34.07799865,1.078264796,40.23642242,1.072368206,43.77542743,1.137320819,53.24725392,1.131074627,58.6532697,1.130988024,66.06605832,1.112868817,74.04759797,1.124743488,82.17436805,1.155153016
,,,,34.24740517,1.072505067,40.43644333,1.069498156,43.99304123,1.131245633,53.37943963,1.125035015,58.94484334,1.124946665,66.39448197,1.106924245,74.41569898,1.118735486,82.58286837,1.148982576
,,,,34.41765383,1.066776105,40.69347326,1.063784095,44.21173681,1.125202898,53.64479632,1.119025455,59.23786643,1.115947272,66.89018119,1.101009266,74.78562987,1.112759576,82.9933994,1.142845097
,,,,34.58874882,1.061077745,40.83947308,1.060938176,44.43151957,1.119192441,53.91147213,1.113047997,59.53234618,1.107019873,67.22270167,1.095128044,75.15739973,1.106815587,83.19942959,1.136742633
,,,,34.76069435,1.0497763,41.04249183,1.055271,44.65239489,1.113214091,54.17947363,1.107102467,59.82828984,1.101106544,67.55687516,1.089278237,75.53101772,1.10090335,83.82059404,1.130668316
,,,,34.76069435,1.055409823,41.24651982,1.049634096,44.87436821,1.107267675,54.4488074,1.101188697,60.12570467,1.101102221,67.89270987,1.083459678,75.90649302,1.095022693,84.23727798,1.124628665
,,,,34.93349464,1.044168747,41.45156207,1.044027303,45.097445,1.101353022,54.71948007,1.095306517,60.42459799,1.095220502,68.23021407,1.0776722,76.28383485,1.08917345,84.65603332,1.118621276
,,,,35.10715395,1.038591148,41.6576236,1.041233103,45.32163073,1.095469964,54.99149829,1.089455757,60.57460138,1.08937234,68.7396188,1.071913532,76.66305251,1.08335545,85.07687035,1.112645976
,,,,35.36926291,1.033041314,41.8647095,1.035671185,45.54693092,1.089618331,55.26486875,1.08363625,61.02684954,1.083551151,69.0813331,1.066187729,77.0441553,1.077568529,85.49979942,1.106702595
,,,,35.54508848,1.027523154,42.07282485,1.030138977,45.77335111,1.083797955,55.53959817,1.077847828,61.33022257,1.074882916,69.4247461,1.060492512,77.42715262,1.071812519,85.92483093,1.100790961
,,,,35.7217881,1.02203447,42.28197477,1.02463632,46.00089687,1.07800867,55.81569331,1.072090327,61.63510372,1.069141252,69.76986626,1.054827717,77.81205387,1.066087256,86.35197532,1.094910904
,,,,35.89936613,1.016575105,42.4921644,1.019163057,46.22957378,1.072250309,56.09316096,1.06636358,61.94150048,1.060588293,70.11670207,1.049193181,78.19886851,1.060392576,86.78124312,1.089062258
,,,,35.9884859,1.011146887,42.70339892,1.01371903,46.45938749,1.066522708,56.37200794,1.060667423,62.24942037,1.054922986,70.46526204,1.043588743,78.58760607,1.054728314,87.21264486,1.083244852
,,,,36.25717486,1.005743705,42.91568351,1.008304083,46.69034362,1.060825701,56.65224111,1.055001694,62.55887098,1.052099626,70.81555475,1.038014242,78.97827609,1.049094309,87.64619117,1.077458522
,,,,36.34718289,1.000373323,43.1290234,1.00291806,46.92244788,1.055159126,56.93386735,1.049366228,62.86985991,1.046479662,71.16758882,1.032469518,79.37088819,1.0434904,88.08189269,1.0717031
,,,,36.61854987,0.995027711,43.34342383,0.997560809,47.15570596,1.04952282,57.2168936,1.043760866,63.18239482,1.038107993,71.52137289,1.026954412,79.76545202,1.037916424,88.51976015,1.065978421
,,,,36.80058583,0.989712607,43.55889007,0.989580482,47.39012359,1.043916621,57.50132681,1.038185446,63.49648337,1.032562768,71.87691568,1.021468766,80.16197728,1.032372222,88.9598043,1.060284322
,,,,36.9835267,0.984425894,43.77542743,0.984294475,47.62570655,1.038340369,57.78717398,1.032639807,63.81213331,1.027047164,72.23422592,1.016012423,80.56047373,1.026857636,89.40203598,1.054620639
,,,,37.16737701,0.979167421,43.99304123,0.979036704,47.86246062,1.032793903,58.07444214,1.027123792,64.12935238,1.021561023,72.5933124,1.010585225,80.96095115,1.021372507,89.84646606,1.048987209
,,,,37.35214126,0.973937037,44.21173681,0.973807018,48.10039164,1.027277064,58.36313834,1.021637241,64.4481484,1.018826951,72.95418395,1.005187018,81.36341941,1.015916678,90.29310546,1.043383871
,,,,37.44486753,0.968736494,44.43151957,0.968605268,48.33950544,1.021789694,58.79887579,1.016178002,64.76852919,1.013384719,73.31684944,0.999817646,81.76788839,1.010489992,90.74196516,1.037810465
,,,,37.63101123,0.963561829,44.65239489,0.963431304,48.57980791,1.016331637,59.09117325,1.01074992,65.09050264,1.007971558,73.68131779,0.994476955,82.17436805,1.005092293,91.19305621,1.032266829
,,,,,,,,48.82130495,1.010902734,59.38492377,1.005350833,65.41407667,0.999907947,74.04759797,0.989164793,82.58286837,0.999723427,91.6463897,1.026752806
,,,,,,,,49.06400251,1.005502831,59.68013457,0.999980586,65.73925923,0.994566774,74.41569898,0.983881007,82.9933994,0.99438324,92.10197677,1.021268237
,,,,,,,,49.30790656,1.000131772,59.9768129,0.994639026,66.06605832,0.989254132,74.78562987,0.978625444,83.40597125,0.989071578,92.55982863,1.015812965
,,,,,,,,49.55302309,0.994789403,60.42459799,0.989324055,66.39448197,0.983969868,75.15739973,0.973397955,83.82059404,0.98378829,93.01995653,1.010386833
,,,,,,,,49.79935812,0.989475572,60.72497715,0.984039418,66.72453827,0.978713831,75.53101772,0.96819839,84.23727798,0.978533223,93.4823718,1.004989685
,,,,,,,,50.04691772,0.984190125,60.87572622,0.978784931,67.05623531,0.97348587,,,84.65603332,0.973306227,93.9470858,0.999621367
,,,,,,,,50.29570798,0.978932912,61.02684954,0.973558502,67.38958128,0.968285835,,,85.07687035,0.968107151,94.41410995,0.994281725
,,,,,,,,50.54573501,0.973703781,61.38093117,0.96641588,67.72458435,0.963113577,,,85.49979942,0.962935848,94.88345575,0.988970606
,,,,,,,,50.79700495,0.968502582,,,67.89270987,0.957970828,,,,,95.35513473,0.983687857
,,,,,,,,51.049524,0.963329166,,,,,,,,,95.82915849,0.978433326
,,,,,,,,,,,,,,,,,,96.3055387,0.973206863
,,,,,,,,,,,,,,,,,,96.78428705,0.968008319
,,,,,,,,,,,,,,,,,,97.26541533,0.962837543